FoundationName,FoundationRGB,Cost,SkinType,FoundationType,BrandID
Shell,209,46,Sensitive,Natural,1
Custard,252,91,Dry,Synthetic,1
Flax,82,50,Oily,Mix,1
Breeze,200,51,Moist,Blend,1
Bone,164,95,Sensitive,Natural,1
Linen,80,99,Dry,Synthetic,1
Alabaster,51,43,Oily,Mix,1
Meringue,90,93,Moist,Blend,1
Cream,224,53,Sensitive,Natural,1
Fair,76,53,Dry,Synthetic,1
Ecru,185,49,Oily,Mix,1
Ivory,72,48,Moist,Blend,1
Biscuit,168,89,Sensitive,Natural,1
Cream,79,50,Dry,Synthetic,1
Oat,96,58,Oily,Mix,1
Golden,105,40,Moist,Blend,1
Neutral,192,88,Sensitive,Natural,1
Honey,101,76,Dry,Synthetic,1
Honey,170,94,Oily,Mix,1
Vanilla,125,85,Moist,Blend,1
Beige,152,48,Sensitive,Natural,1
Toasted,52,63,Dry,Synthetic,1
Nutty,137,92,Oily,Mix,1
Sand,152,85,Moist,Blend,1
Caramel,250,42,Sensitive,Natural,1
Ginger,233,102,Dry,Synthetic,1
Golden,153,100,Oily,Mix,1
Carob,79,41,Moist,Blend,1
Amber,254,63,Sensitive,Natural,1
Clove,175,41,Dry,Synthetic,1
Mahogany,122,70,Oily,Mix,1
Truffle,75,80,Moist,Blend,1
QESZ,57,83,Dry,Synthetic,2
OGIC,235,44,Oily,Mix,2
UEED,70,86,Moist,Blend,2
FMST,192,65,Sensitive,Natural,2
GAOC,166,37,Dry,Synthetic,2
DJKA,226,37,Oily,Mix,2
UYRI,130,44,Moist,Blend,2
IIQQ,57,67,Dry,Synthetic,2
SCLE,147,95,Oily,Mix,2
GFGO,54,81,Moist,Blend,2
HQUT,65,71,Sensitive,Natural,2
KWOV,161,36,Dry,Synthetic,2
EHMI,220,78,Oily,Mix,2
ACVF,221,75,Moist,Blend,2
YRIK,50,59,Dry,Synthetic,2
MMQU,198,56,Oily,Mix,2
LJBG,78,41,Moist,Blend,2
XFKU,138,84,Sensitive,Natural,2
HFPA,107,46,Dry,Synthetic,2
CVJG,114,98,Oily,Mix,2
QOHE,81,48,Moist,Blend,2
IAAV,142,74,Dry,Synthetic,2
XFIA,211,78,Oily,Mix,2
REDT,214,62,Moist,Blend,2
HSHU,221,63,Sensitive,Natural,2
UIZZ,252,70,Dry,Synthetic,2
ARDH,117,58,Oily,Mix,2
AQXM,174,51,Moist,Blend,2
UAOE,97,84,Dry,Synthetic,2
JLJO,115,45,Oily,Mix,2
TXMQ,111,69,Moist,Blend,2
BYEL,219,80,Sensitive,Natural,2
LOTT,208,54,Dry,Synthetic,3
UEPA,158,39,Oily,Mix,3
YVMR,200,77,Moist,Blend,3
CATI,98,97,Dry,Synthetic,3
ESFY,220,91,Oily,Mix,3
YZAT,244,98,Moist,Blend,3
YEAE,179,77,Sensitive,Natural,3
YDTO,147,60,Dry,Synthetic,3
BLKP,205,91,Oily,Mix,3
DXBH,214,37,Moist,Blend,3
NOAV,144,75,Dry,Synthetic,3
RPIK,56,60,Oily,Mix,3
WIJC,126,48,Moist,Blend,3
AOZL,207,38,Sensitive,Natural,3
NBSL,134,36,Dry,Synthetic,3
LMXK,147,73,Oily,Mix,3
CTFP,253,84,Moist,Blend,3
UMKZ,86,75,Dry,Synthetic,3
UVYX,78,91,Oily,Mix,3
VMVY,244,89,Moist,Blend,3
CYEE,53,84,Sensitive,Natural,3
KZUF,131,35,Dry,Synthetic,3
OBDT,194,99,Oily,Mix,3
BORB,210,65,Moist,Blend,3
FIED,142,88,Dry,Synthetic,3
OVMB,162,37,Oily,Mix,3
HFBN,128,43,Moist,Blend,3
PHDI,131,82,Sensitive,Natural,3
GWQG,97,75,Dry,Synthetic,3
YWFU,139,71,Oily,Mix,3
YLZF,224,61,Moist,Blend,3
AEKQ,103,83,Dry,Synthetic,3
OWXT,163,63,Oily,Mix,4
MBNH,219,64,Moist,Blend,4
AKYL,245,94,Sensitive,Natural,4
VYYP,84,41,Dry,Synthetic,4
MHLW,193,59,Oily,Mix,4
GXTK,168,36,Moist,Blend,4
RPGL,71,81,Dry,Synthetic,4
FPYB,56,45,Oily,Mix,4
JKVV,159,66,Moist,Blend,4
CGSR,124,63,Sensitive,Natural,4
OOCS,129,91,Dry,Synthetic,4
QLYU,207,60,Oily,Mix,4
YFFJ,205,60,Moist,Blend,4
HBSR,72,68,Dry,Synthetic,4
BYEW,232,100,Oily,Mix,4
WBFY,72,51,Moist,Blend,4
IQWH,219,90,Sensitive,Natural,4
SXEO,150,100,Dry,Synthetic,4
TUFU,96,49,Oily,Mix,4
MINQ,194,71,Moist,Blend,4
DVUP,134,85,Dry,Synthetic,4
JBPF,171,62,Oily,Mix,4
QVIX,182,77,Moist,Blend,4
WVIB,139,73,Sensitive,Natural,4
TJXA,85,45,Dry,Synthetic,4
IGFI,212,66,Oily,Mix,4
FWMV,130,56,Moist,Blend,4
WBDE,187,62,Dry,Synthetic,4
DRXM,133,93,Oily,Mix,4
WLVU,187,99,Moist,Blend,4
MSUS,207,84,Sensitive,Natural,4
JYQH,63,35,Dry,Synthetic,4
ZEGR,84,55,Oily,Mix,5
PFHG,135,88,Moist,Blend,5
SQLS,81,76,Dry,Synthetic,5
GGFA,147,35,Oily,Mix,5
NCZS,130,90,Moist,Blend,5
UVKL,215,52,Sensitive,Natural,5
PQJT,99,82,Dry,Synthetic,5
QIGE,250,47,Oily,Mix,5
CBSX,202,51,Moist,Blend,5
INNM,53,81,Dry,Synthetic,5
PSTY,59,76,Oily,Mix,5
ROMA,117,75,Moist,Blend,5
HAWJ,216,37,Sensitive,Natural,5
IUAA,52,59,Dry,Synthetic,5
IUXQ,55,81,Oily,Mix,5
CMPW,122,36,Moist,Blend,5
VYAG,104,96,Dry,Synthetic,5
NDQE,233,83,Oily,Mix,5
MXDW,241,53,Moist,Blend,5
KYWI,89,48,Sensitive,Natural,5
TGZM,184,60,Dry,Synthetic,5
ZHJB,182,64,Oily,Mix,5
HJJJ,189,84,Moist,Blend,5
TIYF,169,95,Dry,Synthetic,5
MNKY,62,49,Oily,Mix,5
JCUP,98,69,Moist,Blend,5
KRCP,218,64,Sensitive,Natural,5
QYLO,202,88,Dry,Synthetic,5
PIUK,216,35,Oily,Mix,5
OJPW,131,47,Moist,Blend,5
GAUI,143,61,Dry,Synthetic,5
YFSL,56,97,Oily,Mix,5
ZUMC,232,41,Moist,Blend,6
VMFO,63,68,Sensitive,Natural,6
TWRT,178,81,Dry,Synthetic,6
FAOQ,94,65,Oily,Mix,6
IQPV,120,76,Moist,Blend,6
VZGK,205,86,Dry,Synthetic,6
XBCN,227,69,Oily,Mix,6
UCHS,140,70,Moist,Blend,6
GHVV,125,36,Sensitive,Natural,6
RFHU,229,77,Dry,Synthetic,6
XSNK,152,90,Oily,Mix,6
MRZE,203,36,Moist,Blend,6
JWLA,123,55,Dry,Synthetic,6
OJOI,165,96,Oily,Mix,6
QCNN,107,92,Moist,Blend,6
GXUD,227,58,Sensitive,Natural,6
TATA,178,78,Dry,Synthetic,6
HREJ,155,83,Oily,Mix,6
RWJQ,214,96,Moist,Blend,6
FLAO,245,53,Dry,Synthetic,6
USNV,64,39,Oily,Mix,6
AGMM,124,81,Moist,Blend,6
WKTS,225,88,Sensitive,Natural,6
QMDD,98,46,Dry,Synthetic,6
TZIC,120,69,Oily,Mix,6
QBGX,230,51,Moist,Blend,6
JORM,159,100,Dry,Synthetic,6
NNEK,240,94,Oily,Mix,6
CFCU,230,48,Moist,Blend,6
DPMN,128,95,Sensitive,Natural,6
XUXT,169,96,Dry,Synthetic,6
FRLQ,60,39,Oily,Mix,6
NVFZ,255,36,Moist,Blend,7
NBQU,60,89,Dry,Synthetic,7
BEJF,252,77,Oily,Mix,7
TOEX,57,58,Moist,Blend,7
WTMY,61,80,Sensitive,Natural,7
QJHS,131,59,Dry,Synthetic,7
FYKJ,235,81,Oily,Mix,7
GESW,216,35,Moist,Blend,7
TDYB,70,88,Dry,Synthetic,7
VKVS,183,62,Oily,Mix,7
EUPN,62,74,Moist,Blend,7
FXXZ,94,63,Sensitive,Natural,7
OWWG,227,96,Dry,Synthetic,7
SMWM,84,62,Oily,Mix,7
EUFL,98,61,Moist,Blend,7
JBTC,185,78,Dry,Synthetic,7
CMLS,174,81,Oily,Mix,7
IDYQ,87,37,Moist,Blend,7
UXWB,230,56,Sensitive,Natural,7
MVDP,104,61,Dry,Synthetic,7
MKZJ,195,51,Oily,Mix,7
BQMC,254,74,Moist,Blend,7
BCLW,207,63,Dry,Synthetic,7
MKEO,122,64,Oily,Mix,7
STXR,153,65,Moist,Blend,7
IZKG,68,59,Sensitive,Natural,7
TPRR,183,83,Dry,Synthetic,7
VRWW,77,62,Oily,Mix,7
MFXD,96,84,Moist,Blend,7
SZKA,136,48,Dry,Synthetic,7
NSJW,194,67,Oily,Mix,7
PROE,101,100,Moist,Blend,7
MCMM,205,47,Sensitive,Natural,8
FHYT,216,49,Dry,Synthetic,8
TETT,233,87,Oily,Mix,8
EILI,129,56,Oily,Mix,8
OVKQ,180,82,Moist,Blend,8
LILU,224,39,Sensitive,Natural,8
RCBQ,222,72,Dry,Synthetic,8
FIGV,225,64,Oily,Mix,8
ISWX,189,96,Oily,Mix,8
NUFN,108,93,Moist,Blend,8
TTVJ,114,97,Sensitive,Natural,8
HFVR,180,61,Dry,Synthetic,8
QYXP,210,98,Oily,Mix,8
VULK,89,36,Oily,Mix,8
ZMKB,103,50,Moist,Blend,8
RYXV,102,85,Sensitive,Natural,8
GUMQ,128,87,Dry,Synthetic,8
CYUQ,55,98,Oily,Mix,8
NOZC,54,53,Oily,Mix,8
AYOU,174,89,Moist,Blend,8
AEUE,175,77,Sensitive,Natural,8
TTLT,61,76,Dry,Synthetic,8
OKPP,145,84,Oily,Mix,8
FVQE,116,51,Moist,Mix,8
XLRB,107,63,Moist,Blend,8
MVIY,123,52,Sensitive,Natural,8
AFTP,60,43,Dry,Synthetic,8
RWQU,119,50,Oily,Mix,8
UGIU,81,95,Moist,Mix,8
MLGQ,143,47,Moist,Blend,8
VHMB,108,97,Sensitive,Natural,8
ANFC,116,43,Dry,Synthetic,8
XFRU,55,59,Oily,Mix,9
XGGB,93,72,Moist,Mix,9
GZMU,235,61,Moist,Blend,9
EHGW,134,67,Sensitive,Natural,9
CGLY,233,48,Dry,Synthetic,9
NHTI,74,75,Oily,Mix,9
XYCQ,183,69,Moist,Mix,9
RBEF,104,54,Moist,Blend,9
AEKX,92,64,Sensitive,Natural,9
HGLO,236,79,Dry,Synthetic,9
NOVM,137,91,Oily,Mix,9
PTGZ,84,52,Moist,Mix,9
GAVH,64,98,Moist,Blend,9
MQMO,219,73,Sensitive,Natural,9
TLLS,79,90,Dry,Synthetic,9
PEPR,210,75,Oily,Mix,9
KMJZ,255,56,Moist,Mix,9
LQDE,250,61,Moist,Blend,9
MTKH,213,63,Sensitive,Natural,9
LACJ,170,98,Dry,Synthetic,9
AJYO,62,69,Oily,Mix,9
FXOL,158,62,Moist,Mix,9
EMZE,237,66,Moist,Blend,9
DHGV,72,58,Sensitive,Natural,9
ALVC,167,66,Dry,Synthetic,9
QPII,167,54,Oily,Mix,9
GURP,124,38,Moist,Mix,9
FNNI,138,39,Moist,Blend,9
YCVL,202,44,Sensitive,Natural,9
OFOH,124,66,Dry,Synthetic,9
NTHJ,207,67,Oily,Mix,9
ASTI,79,53,Moist,Mix,9
GJCY,209,96,Moist,Blend,10
YDLM,200,66,Sensitive,Natural,10
MJTK,230,61,Dry,Synthetic,10
UICV,232,80,Oily,Mix,10
MKOO,132,94,Moist,Mix,10
IGLC,86,65,Moist,Blend,10
BVAI,141,73,Sensitive,Natural,10
OMAG,156,46,Dry,Synthetic,10
QMOE,122,91,Oily,Mix,10
CEOF,202,80,Moist,Mix,10
LVMW,169,43,Moist,Blend,10
PHUW,135,50,Sensitive,Natural,10
RURF,136,64,Dry,Synthetic,10
AFFC,246,51,Oily,Mix,10
MWFC,64,50,Moist,Mix,10
BDCU,57,58,Moist,Blend,10
BWFJ,153,90,Sensitive,Natural,10
XQWF,243,92,Dry,Synthetic,10
JAKG,145,59,Oily,Mix,10
ADNI,81,68,Moist,Mix,10
QMVB,208,88,Moist,Blend,10
OVTB,189,98,Sensitive,Natural,10
PAQE,141,95,Dry,Synthetic,10
LXTF,181,75,Oily,Mix,10
PDQP,161,80,Moist,Mix,10
EKDW,53,83,Moist,Blend,10
PNUZ,134,96,Sensitive,Natural,10
VCRC,250,71,Dry,Synthetic,10
PUJI,53,61,Oily,Mix,10
VSWV,62,70,Moist,Mix,10
LCRO,240,54,Moist,Blend,10
BRHU,231,96,Sensitive,Natural,10
DXQN,184,59,Dry,Synthetic,11
SNIC,232,80,Oily,Mix,11
CXTX,239,95,Moist,Mix,11
AVEU,204,38,Moist,Blend,11
OEFL,160,56,Sensitive,Natural,11
QORY,192,85,Dry,Synthetic,11
UCSA,119,53,Oily,Mix,11
BIEW,188,40,Moist,Mix,11
AVTT,205,81,Moist,Blend,11
LJEU,191,74,Sensitive,Natural,11
OXMX,193,70,Dry,Synthetic,11
JMHJ,184,54,Oily,Mix,11
QRPU,64,56,Moist,Mix,11
AONB,252,57,Moist,Blend,11
CKTG,222,91,Sensitive,Natural,11
UHJW,217,60,Dry,Synthetic,11
FMRA,173,39,Oily,Mix,11
HPHV,194,74,Moist,Mix,11
GSOL,250,58,Moist,Blend,11
EIUK,63,35,Sensitive,Natural,11
IVSL,240,86,Dry,Synthetic,11
YTFE,54,35,Oily,Mix,11
ORGH,169,77,Moist,Mix,11
WOJC,158,47,Moist,Blend,11
GYRR,184,44,Sensitive,Natural,11
AHOS,249,61,Dry,Synthetic,11
GAIS,158,55,Oily,Mix,11
BXOS,60,90,Moist,Mix,11
TZQZ,131,50,Moist,Blend,11
KDML,96,65,Sensitive,Natural,11
LZJN,60,79,Dry,Synthetic,11
KXMB,141,61,Oily,Mix,11
CGOY,63,73,Moist,Mix,12
IOJJ,87,53,Moist,Blend,12
ORNO,111,45,Sensitive,Natural,12
EYRA,188,89,Dry,Synthetic,12
UNHN,161,76,Oily,Mix,12
OCOL,208,81,Moist,Mix,12
VKVW,196,98,Moist,Blend,12
PTYZ,165,49,Sensitive,Natural,12
CMZW,162,47,Dry,Synthetic,12
KOSY,177,56,Oily,Mix,12
WCJF,240,50,Moist,Mix,12
OBLY,119,73,Moist,Blend,12
YNNT,94,37,Sensitive,Natural,12
MFRB,200,85,Dry,Synthetic,12
TBRY,176,97,Oily,Mix,12
RIUR,188,77,Moist,Mix,12
FTXS,225,70,Moist,Blend,12
CJDV,154,65,Sensitive,Natural,12
LRWT,148,85,Dry,Synthetic,12
VNDK,227,63,Oily,Mix,12
ZBDZ,199,49,Moist,Mix,12
GCWA,89,65,Moist,Blend,12
KQNU,56,42,Sensitive,Natural,12
EHIJ,132,47,Dry,Synthetic,12
QEOI,159,43,Oily,Mix,12
NEYQ,60,67,Moist,Mix,12
HXNQ,215,70,Moist,Blend,12
TGSU,55,36,Sensitive,Natural,12
VZKO,227,63,Dry,Synthetic,12
UKWP,93,51,Oily,Mix,12
HKNW,176,43,Moist,Mix,12
PDFL,248,56,Moist,Blend,12
QJTO,188,43,Sensitive,Natural,13
LUCV,123,68,Dry,Synthetic,13
CFXS,107,88,Oily,Mix,13
LZZS,95,46,Moist,Mix,13
FPYI,159,75,Moist,Blend,13
HPOQ,98,53,Sensitive,Natural,13
ADVO,126,91,Dry,Synthetic,13
GJMU,114,91,Oily,Mix,13
ADWU,254,45,Moist,Mix,13
VMAK,109,73,Moist,Blend,13
FLDT,201,35,Sensitive,Natural,13
QQBV,74,99,Dry,Synthetic,13
FKYT,179,65,Oily,Mix,13
JUPC,68,70,Moist,Mix,13
HWTX,88,85,Moist,Blend,13
YOLD,181,98,Sensitive,Natural,13
EHMA,253,70,Dry,Synthetic,13
TMZU,210,70,Oily,Mix,13
XWIU,156,36,Moist,Mix,13
NEPC,223,69,Moist,Blend,13
COSL,66,91,Sensitive,Natural,13
RYXZ,219,54,Dry,Synthetic,13
XSIT,95,55,Oily,Mix,13
YGWD,203,89,Moist,Mix,13
ARHD,194,35,Moist,Blend,13
TSAT,162,53,Sensitive,Natural,13
DSWC,119,99,Dry,Synthetic,13
STNE,93,99,Oily,Mix,13
GDLZ,157,100,Moist,Mix,13
USYK,247,73,Moist,Blend,13
QNLJ,157,46,Sensitive,Natural,13
AQVA,124,64,Dry,Synthetic,13
ZXKU,88,90,Oily,Mix,14
NAHV,99,47,Moist,Mix,14
UOLT,173,59,Moist,Blend,14
ZEQH,100,97,Sensitive,Natural,14
JTFV,225,59,Dry,Synthetic,14
JYRX,101,61,Oily,Mix,14
AKFJ,96,68,Moist,Mix,14
ECLB,186,35,Moist,Blend,14
ZWCD,202,40,Sensitive,Natural,14
ZWPT,136,37,Dry,Synthetic,14
ZGQW,179,50,Oily,Mix,14
XCFW,112,83,Moist,Mix,14
MIIZ,170,87,Moist,Blend,14
KPDG,183,87,Sensitive,Natural,14
YTGC,133,64,Dry,Synthetic,14
ATZL,252,55,Oily,Mix,14
SVGS,121,75,Moist,Mix,14
HEMU,81,43,Moist,Blend,14
EXZU,173,35,Sensitive,Natural,14
CYBT,88,99,Dry,Synthetic,14
MGYD,59,96,Oily,Mix,14
IQTN,191,97,Moist,Mix,14
HYVL,125,72,Moist,Blend,14
IZYU,189,69,Sensitive,Natural,14
GDTW,99,59,Dry,Synthetic,14
EMPP,129,55,Oily,Mix,14
HYRJ,191,95,Moist,Mix,14
EWJA,145,99,Moist,Blend,14
TGWI,212,92,Sensitive,Natural,14
TLNW,212,86,Dry,Synthetic,14
EQUC,203,95,Oily,Mix,14
MAYR,66,57,Moist,Mix,14
AMDP,219,49,Moist,Blend,15
BNDX,198,71,Sensitive,Natural,15
IYTI,105,80,Dry,Synthetic,15
FPMW,50,87,Oily,Mix,15
YLES,147,52,Moist,Mix,15
VJTV,246,47,Moist,Blend,15
CMVI,167,63,Sensitive,Natural,15
NOIA,157,90,Dry,Synthetic,15
SAJY,106,71,Oily,Mix,15
HDJR,200,91,Moist,Mix,15
HLMV,222,56,Moist,Blend,15
WQKA,192,39,Sensitive,Natural,15
KFFJ,63,81,Dry,Synthetic,15
DPEY,174,39,Oily,Mix,15
BPOY,231,89,Moist,Mix,15
FWHA,91,72,Moist,Blend,15
HFLV,86,54,Sensitive,Natural,15
DBEZ,62,35,Dry,Synthetic,15
YGBP,218,95,Oily,Mix,15
AFQH,81,67,Moist,Mix,15
GJXS,109,89,Moist,Blend,15
CTVW,236,70,Sensitive,Natural,15
EPNT,143,57,Dry,Synthetic,15
CORM,106,80,Oily,Mix,15
MAUA,92,69,Moist,Mix,15
LOYY,119,43,Moist,Blend,15
VVJZ,173,98,Sensitive,Natural,15
ZPRE,131,96,Dry,Synthetic,15
OOZO,81,48,Oily,Mix,15
XNNG,250,98,Moist,Mix,15
RJHT,104,74,Moist,Blend,15
TOAY,210,62,Sensitive,Natural,15
GLBR,106,43,Dry,Synthetic,16
FAEG,92,94,Oily,Mix,16
UIIA,122,81,Moist,Mix,16
HDBY,173,79,Moist,Blend,16
THLW,88,58,Sensitive,Natural,16
ACIV,159,89,Dry,Synthetic,16
CBNN,109,67,Oily,Mix,16
GWLB,97,64,Moist,Mix,16
AUTQ,206,72,Moist,Blend,16
NNUH,235,46,Sensitive,Natural,16
YGBP,60,54,Dry,Synthetic,16
GZCI,96,71,Oily,Mix,16
NGRY,215,87,Moist,Mix,16
UGGZ,230,36,Moist,Blend,16
INTT,105,90,Sensitive,Natural,16
TDZO,128,99,Dry,Synthetic,16
MOVQ,238,56,Oily,Mix,16
IRXM,49,100,Moist,Mix,16
QUQP,179,74,Moist,Blend,16
XNAN,85,43,Sensitive,Natural,16
XGSN,126,72,Dry,Synthetic,16
FEVV,74,64,Oily,Mix,16
KJGT,184,74,Moist,Mix,16
OVXM,238,48,Moist,Blend,16
OCPJ,83,65,Sensitive,Natural,16
ZQLD,210,97,Dry,Synthetic,16
HJDE,227,98,Oily,Mix,16
QEYU,68,53,Moist,Mix,16
OOFA,107,40,Moist,Blend,16
SFAT,142,75,Sensitive,Natural,16
OLEO,240,93,Dry,Synthetic,16
HUCZ,90,73,Oily,Mix,16
DRPF,130,76,Moist,Mix,17
ZHEI,90,61,Moist,Blend,17
EYZQ,193,69,Sensitive,Natural,17
AIQS,108,40,Dry,Synthetic,17
LBSV,233,94,Oily,Mix,17
WEUT,210,70,Moist,Mix,17
IUEA,110,68,Moist,Blend,17
MZNZ,146,61,Sensitive,Natural,17
TRRB,116,88,Dry,Synthetic,17
CUEW,189,61,Oily,Mix,17
TNSA,156,96,Moist,Mix,17
GWKI,159,52,Moist,Blend,17
UADB,180,74,Sensitive,Natural,17
EFDL,82,77,Dry,Synthetic,17
PZOQ,254,79,Oily,Mix,17
QYRO,115,68,Moist,Mix,17
AMRK,151,90,Moist,Blend,17
RZCK,103,62,Sensitive,Natural,17
ADWE,98,53,Dry,Synthetic,17
PKAF,53,60,Oily,Mix,17
CRVG,169,43,Moist,Mix,17
VLQE,246,95,Moist,Blend,17
MLUL,83,60,Sensitive,Natural,17
ECDH,107,85,Dry,Synthetic,17
XJPX,104,39,Oily,Mix,17
XLBR,77,43,Moist,Mix,17
ZLIE,227,96,Moist,Blend,17
XNQE,191,58,Sensitive,Natural,17
KSCM,135,60,Dry,Synthetic,17
OTIS,184,95,Oily,Mix,17
JOIS,84,39,Moist,Mix,17
YTAX,113,72,Moist,Blend,17
JKSR,139,81,Sensitive,Natural,18
WLNG,71,84,Dry,Synthetic,18
WRXO,247,40,Oily,Mix,18
TPPJ,50,84,Moist,Mix,18
ZINE,57,98,Moist,Blend,18
OGYK,185,96,Sensitive,Natural,18
QETX,66,66,Dry,Synthetic,18
JDSE,101,90,Oily,Mix,18
TYLU,130,59,Moist,Mix,18
DAGB,58,100,Moist,Blend,18
CPRM,52,43,Sensitive,Natural,18
FKLZ,84,87,Dry,Synthetic,18
SGDL,64,100,Oily,Mix,18
XUDE,116,89,Moist,Mix,18
ITLU,194,86,Moist,Blend,18
JRRQ,52,99,Sensitive,Natural,18
OECN,60,43,Dry,Synthetic,18
JUTE,126,83,Oily,Mix,18
HHHR,241,48,Moist,Mix,18
APQJ,65,53,Moist,Blend,18
PQUW,232,68,Sensitive,Natural,18
PFPE,225,98,Dry,Synthetic,18
ATKC,157,94,Oily,Mix,18
TOKQ,240,60,Moist,Mix,18
FWXS,113,54,Moist,Blend,18
SDQS,214,91,Sensitive,Natural,18
OOQA,70,59,Dry,Synthetic,18
YQDB,157,61,Oily,Mix,18
JSSS,80,64,Moist,Mix,18
OIXV,155,79,Moist,Blend,18
YXXA,215,71,Sensitive,Natural,18
IDZM,130,77,Dry,Synthetic,18
XJBB,146,56,Oily,Mix,19
NPKQ,57,40,Moist,Mix,19
BLHB,74,49,Moist,Blend,19
TDIP,58,94,Sensitive,Natural,19
GLQE,214,89,Dry,Synthetic,19
RMMM,245,64,Oily,Mix,19
DILW,196,42,Moist,Mix,19
YZVF,230,42,Moist,Blend,19
FWVQ,237,58,Sensitive,Natural,19
IKFJ,156,42,Dry,Synthetic,19
ODTO,84,96,Oily,Mix,19
ADFV,155,75,Moist,Mix,19
QPBF,109,88,Moist,Blend,19
ZDED,196,48,Sensitive,Natural,19
TXUF,75,81,Dry,Synthetic,19
GBFC,90,48,Oily,Mix,19
WZYJ,89,44,Moist,Mix,19
HJEV,248,88,Moist,Blend,19
WPDI,148,51,Sensitive,Natural,19
ATHN,90,53,Dry,Synthetic,19
YTGM,144,89,Oily,Mix,19
ENGX,171,38,Moist,Mix,19
DCVT,88,43,Moist,Blend,19
IONZ,184,74,Sensitive,Natural,19
EQBS,255,66,Dry,Synthetic,19
UCZG,114,88,Oily,Mix,19
URGV,172,60,Moist,Mix,19
BVZR,163,51,Moist,Blend,19
VOBR,222,66,Sensitive,Natural,19
BSTC,93,90,Dry,Synthetic,19
YASW,181,41,Oily,Mix,19
AJSA,220,50,Moist,Mix,19
PZID,74,52,Moist,Blend,20
DLAU,62,100,Sensitive,Natural,20
FTCS,163,58,Dry,Synthetic,20
EIQG,199,68,Oily,Mix,20
MMRB,242,39,Moist,Mix,20
UVYG,149,51,Moist,Blend,20
KSKP,85,81,Sensitive,Natural,20
OZES,186,56,Dry,Synthetic,20
CDDL,140,94,Oily,Mix,20
SZTM,77,53,Moist,Mix,20
REFL,186,44,Moist,Blend,20
AYBT,148,62,Sensitive,Natural,20
CYZV,216,36,Dry,Synthetic,20
XOEW,252,77,Oily,Mix,20
KVVF,191,39,Moist,Mix,20
VBJA,108,100,Moist,Blend,20
RUZM,203,100,Sensitive,Natural,20
OWQE,89,86,Dry,Synthetic,20
BLKR,253,84,Oily,Mix,20
ATHW,160,37,Moist,Mix,20
AQNU,175,96,Moist,Blend,20
BQJD,128,91,Sensitive,Natural,20
YWPH,115,71,Dry,Synthetic,20
YIFI,228,67,Oily,Mix,20
MGVU,170,78,Moist,Mix,20
BYZL,181,95,Moist,Blend,20
YQQM,146,44,Sensitive,Natural,20
AFNT,66,63,Dry,Synthetic,20
KMIX,119,65,Oily,Mix,20
ZKRX,250,74,Moist,Mix,20
EXBD,151,88,Moist,Blend,20
RTNZ,233,85,Sensitive,Natural,20
DWFS,129,99,Dry,Synthetic,21
ATNV,135,41,Oily,Mix,21
RAQC,178,38,Moist,Mix,21
SPBO,77,99,Moist,Blend,21
CKOO,200,61,Sensitive,Natural,21
GTTK,76,78,Dry,Synthetic,21
AWFQ,202,89,Oily,Mix,21
UFMB,67,94,Moist,Mix,21
XHFO,149,39,Moist,Blend,21
RWBZ,191,38,Sensitive,Natural,21
OTTF,197,36,Dry,Synthetic,21
BJRR,50,63,Oily,Mix,21
XOJQ,230,62,Moist,Mix,21
ELIP,110,36,Moist,Blend,21
JMDX,230,53,Sensitive,Natural,21
CSVQ,106,61,Dry,Synthetic,21
SYZB,191,97,Oily,Mix,21
GKRT,190,77,Moist,Mix,21
IZPL,49,97,Moist,Blend,21
YHND,124,40,Sensitive,Natural,21
AKRG,82,78,Dry,Synthetic,21
HFFK,103,61,Oily,Mix,21
BTDQ,215,54,Moist,Mix,21
KZBN,126,58,Moist,Blend,21
FCDT,154,64,Sensitive,Natural,21
JORF,105,67,Dry,Synthetic,21
FBMO,123,69,Oily,Mix,21
TXSM,67,53,Moist,Mix,21
GAGH,117,66,Moist,Blend,21
ZOVJ,246,97,Sensitive,Natural,21
MRYD,192,82,Dry,Synthetic,21
CIVE,59,39,Oily,Mix,21
ZVET,223,82,Moist,Mix,22
WADA,113,47,Moist,Blend,22
GJIN,113,82,Sensitive,Natural,22
TGLH,148,46,Dry,Synthetic,22
VTBP,220,37,Oily,Mix,22
ADLX,233,37,Moist,Mix,22
LKNV,127,45,Moist,Blend,22
THGN,86,57,Sensitive,Natural,22
SRUK,226,66,Dry,Synthetic,22
PTNB,153,59,Oily,Mix,22
JDPE,123,38,Moist,Mix,22
TREN,231,58,Moist,Blend,22
FHGX,72,54,Sensitive,Natural,22
HIGI,74,51,Dry,Synthetic,22
SYFZ,151,82,Oily,Mix,22
QQCB,165,46,Moist,Mix,22
FCIA,239,87,Moist,Blend,22
RXAX,221,47,Sensitive,Natural,22
ICQJ,95,73,Dry,Synthetic,22
PALG,189,53,Oily,Mix,22
YQID,70,85,Moist,Mix,22
FWLY,120,43,Moist,Blend,22
ELRX,150,39,Sensitive,Natural,22
WRIR,202,42,Dry,Synthetic,22
ITFV,118,65,Oily,Mix,22
MQUQ,114,54,Moist,Mix,22
CMEG,109,60,Moist,Blend,22
UMOY,228,79,Sensitive,Natural,22
DDLK,67,54,Dry,Synthetic,22
IGUI,135,98,Oily,Mix,22
TRSY,62,40,Moist,Mix,22
LEUG,147,77,Moist,Blend,22
YAIS,63,45,Sensitive,Natural,23
LPNL,201,86,Dry,Synthetic,23
UWRF,76,94,Oily,Mix,23
BPJJ,171,40,Moist,Mix,23
KJQI,110,71,Moist,Blend,23
WWUR,205,56,Sensitive,Natural,23
ZMOI,187,55,Dry,Synthetic,23
UCPN,185,94,Oily,Mix,23
KYWE,61,64,Moist,Mix,23
FGFI,215,85,Moist,Blend,23
NDXY,119,83,Sensitive,Natural,23
FXEA,170,79,Dry,Synthetic,23
AZBU,164,84,Oily,Mix,23
MRCN,78,54,Moist,Mix,23
XKCP,206,86,Moist,Blend,23
VUWI,255,60,Sensitive,Natural,23
CROJ,115,59,Dry,Synthetic,23
PHFQ,206,77,Oily,Mix,23
PVIG,73,72,Moist,Mix,23
UYVE,183,58,Moist,Blend,23
OYVY,88,66,Sensitive,Natural,23
ABPF,203,51,Dry,Synthetic,23
SYAX,201,76,Oily,Mix,23
QPBO,236,94,Moist,Mix,23
VQYB,92,54,Moist,Blend,23
YJMK,57,54,Sensitive,Natural,23
HFSJ,103,48,Dry,Synthetic,23
QZKD,110,45,Oily,Mix,23
MKMN,53,49,Moist,Mix,23
AKLD,163,54,Moist,Blend,23
LRFT,60,68,Sensitive,Natural,23
LJTV,241,96,Dry,Synthetic,23
JAHP,167,93,Oily,Mix,24
NVGF,55,86,Moist,Mix,24
KLUE,73,54,Moist,Blend,24
OPVM,233,44,Sensitive,Natural,24
UEJK,168,53,Dry,Synthetic,24
ZXIG,64,88,Oily,Mix,24
KDCM,146,86,Moist,Mix,24
MKWC,130,68,Moist,Blend,24
GVMY,153,43,Sensitive,Natural,24
LVQW,84,58,Dry,Synthetic,24
GFBH,247,65,Oily,Mix,24
JOIK,113,77,Moist,Mix,24
GHWV,253,50,Moist,Blend,24
KGFD,251,46,Sensitive,Natural,24
FUVZ,238,90,Dry,Synthetic,24
GMDH,103,100,Oily,Mix,24
NWPK,123,93,Moist,Mix,24
XJYL,83,59,Moist,Blend,24
IJUR,211,41,Sensitive,Natural,24
OYPA,199,54,Dry,Synthetic,24
EKTW,242,39,Oily,Mix,24
VVYI,162,85,Moist,Mix,24
KOLP,149,76,Moist,Blend,24
HRCP,87,100,Sensitive,Natural,24
LRMF,195,91,Dry,Synthetic,24
WPJX,159,64,Oily,Mix,24
UNQT,117,94,Moist,Mix,24
HQXR,101,50,Moist,Blend,24
MVHY,103,56,Sensitive,Natural,24
LNPD,200,91,Dry,Synthetic,24
YFHA,152,46,Oily,Mix,24
XQYD,205,70,Moist,Mix,24
QDMS,239,97,Moist,Blend,25
NOOV,86,74,Sensitive,Natural,25
BQYZ,217,95,Dry,Synthetic,25
VBGE,49,72,Oily,Mix,25
QJCU,254,78,Moist,Mix,25
GSGF,111,70,Moist,Blend,25
GJJC,167,80,Sensitive,Natural,25
CILP,218,39,Dry,Synthetic,25
FGDY,193,90,Oily,Mix,25
NBVH,174,55,Moist,Mix,25
XNRN,192,66,Moist,Blend,25
BWFS,63,63,Sensitive,Natural,25
FVFW,73,49,Dry,Synthetic,25
KASS,149,88,Oily,Mix,25
BFCX,49,66,Moist,Mix,25
YJRX,252,42,Moist,Blend,25
YBQZ,229,89,Sensitive,Natural,25
YADG,204,60,Dry,Synthetic,25
YJOT,76,82,Oily,Mix,25
ICPX,130,99,Moist,Mix,25
NAPO,140,50,Moist,Blend,25
JOKS,208,85,Sensitive,Natural,25
DWOA,167,87,Dry,Synthetic,25
ATXS,176,51,Oily,Mix,25
CPOY,181,85,Moist,Mix,25
KYHA,95,67,Moist,Blend,25
IFIC,217,50,Sensitive,Natural,25
HMLO,179,76,Dry,Synthetic,25
WOGQ,231,64,Oily,Mix,25
ZYBF,213,58,Moist,Mix,25
CMRV,53,83,Moist,Blend,25
YXWM,131,93,Sensitive,Natural,25
TUYH,241,92,Dry,Synthetic,26
UEMX,133,95,Oily,Mix,26
LQWT,239,50,Moist,Mix,26
VPML,127,43,Moist,Blend,26
AEVT,138,70,Sensitive,Natural,26
NIVO,68,36,Dry,Synthetic,26
OGFO,219,72,Oily,Mix,26
CKQQ,189,100,Moist,Mix,26
VFGM,208,42,Moist,Blend,26
JVZV,185,67,Sensitive,Natural,26
XSTV,165,80,Dry,Synthetic,26
IFZL,162,56,Oily,Mix,26
IMEZ,128,86,Moist,Mix,26
EOPC,135,43,Moist,Blend,26
QPNK,169,85,Sensitive,Natural,26
RXPU,66,98,Dry,Synthetic,26
SGRX,218,56,Oily,Mix,26
FNII,118,65,Moist,Mix,26
HDSU,101,94,Moist,Blend,26
VCQO,231,58,Sensitive,Natural,26
PJPL,80,46,Dry,Synthetic,26
WZYL,129,79,Oily,Mix,26
XGAY,179,72,Moist,Mix,26
EINF,164,78,Moist,Blend,26
TLRU,119,76,Sensitive,Natural,26
RUKG,170,88,Dry,Synthetic,26
EXFD,243,89,Oily,Mix,26
EDHY,80,57,Moist,Mix,26
EMXG,91,59,Moist,Blend,26
IQBF,50,47,Sensitive,Natural,26
TANB,80,43,Dry,Synthetic,26
LPUT,138,67,Oily,Mix,26
RQUR,188,42,Moist,Mix,27
XJEW,87,55,Moist,Blend,27
CRRX,65,78,Sensitive,Natural,27
FKKZ,93,88,Dry,Synthetic,27
ZWJE,208,68,Oily,Mix,27
RBTT,51,58,Moist,Mix,27
KLTJ,55,65,Moist,Blend,27
FEKP,104,89,Sensitive,Natural,27
UMAU,97,63,Dry,Synthetic,27
KOMZ,149,46,Oily,Mix,27
ACIV,197,58,Moist,Mix,27
YIIO,49,36,Moist,Blend,27
WDUJ,244,46,Sensitive,Natural,27
GLBB,97,49,Dry,Synthetic,27
LXUG,198,100,Oily,Mix,27
YOXQ,153,49,Moist,Mix,27
YXVM,215,64,Moist,Blend,27
YSZJ,162,72,Sensitive,Natural,27
RBNO,108,72,Dry,Synthetic,27
IWLO,220,75,Oily,Mix,27
HLGU,177,71,Moist,Mix,27
AHQP,171,55,Moist,Blend,27
MQDS,95,95,Sensitive,Natural,27
GBWI,153,83,Dry,Synthetic,27
CPIV,146,86,Oily,Mix,27
DJEE,182,39,Moist,Mix,27
RWSM,212,59,Moist,Blend,27
LAKX,120,37,Sensitive,Natural,27
ALZT,241,68,Dry,Synthetic,27
XYVB,173,64,Oily,Mix,27
CKMH,101,59,Moist,Mix,27
VNUC,212,42,Moist,Blend,27
WGTX,125,87,Sensitive,Natural,28
HTXP,179,35,Dry,Synthetic,28
CVQZ,120,36,Oily,Mix,28
QQQH,169,64,Moist,Mix,28
XCUG,114,40,Moist,Blend,28
BXAM,62,42,Sensitive,Natural,28
NSKN,108,85,Dry,Synthetic,28
ETZG,232,64,Oily,Mix,28
XNHQ,207,46,Moist,Mix,28
VTNG,137,58,Moist,Blend,28
HPAU,231,70,Sensitive,Natural,28
UVNP,79,99,Dry,Synthetic,28
LNYN,233,42,Oily,Mix,28
EZMD,185,86,Moist,Mix,28
QKUA,146,55,Moist,Blend,28
NQPV,147,87,Sensitive,Natural,28
LLXE,149,67,Dry,Synthetic,28
XYAQ,89,84,Oily,Mix,28
BCAO,82,49,Moist,Mix,28
FRAC,105,70,Moist,Blend,28
HEQV,121,57,Sensitive,Natural,28
XQKJ,89,54,Dry,Synthetic,28
REUU,214,66,Oily,Mix,28
CSNA,66,85,Moist,Mix,28
WERY,62,78,Moist,Blend,28
MVNP,124,83,Sensitive,Natural,28
ZFMK,125,70,Dry,Synthetic,28
EWJO,93,86,Oily,Mix,28
YZGP,179,48,Moist,Mix,28
EPWF,91,79,Moist,Blend,28
CDDS,85,46,Sensitive,Natural,28
OKWN,218,61,Dry,Synthetic,28
ECOY,124,96,Oily,Mix,29
YORV,87,73,Moist,Mix,29
ZGOS,239,98,Moist,Blend,29
YYFO,55,37,Sensitive,Natural,29
JUZC,151,69,Dry,Synthetic,29
WBKX,200,88,Oily,Mix,29
PYQE,199,75,Moist,Mix,29
CRKK,232,80,Moist,Blend,29
SUYR,195,40,Sensitive,Natural,29
EDJY,63,71,Dry,Synthetic,29
CCVZ,56,35,Oily,Mix,29
AZPP,179,69,Moist,Mix,29
YIOT,247,93,Moist,Blend,29
YZNA,148,76,Sensitive,Natural,29
EMPA,184,41,Dry,Synthetic,29
OHQF,167,58,Oily,Mix,29
ZLFG,79,50,Moist,Mix,29
ZWNP,53,82,Moist,Blend,29
LCDZ,65,62,Sensitive,Natural,29
RORK,119,78,Dry,Synthetic,29
WGTH,221,47,Oily,Mix,29
YSWG,236,66,Moist,Mix,29
MQOV,108,97,Moist,Blend,29
CWLT,114,75,Sensitive,Natural,29
DTNK,59,62,Dry,Synthetic,29
KOXP,112,67,Oily,Mix,29
UAWW,254,55,Moist,Mix,29
PBFM,108,47,Moist,Blend,29
PUGS,57,75,Sensitive,Natural,29
RDBD,82,72,Dry,Synthetic,29
XAYM,61,50,Oily,Mix,29
IOQE,217,95,Moist,Mix,29
CRQU,135,99,Moist,Blend,30
UEHT,196,65,Sensitive,Natural,30
XDEB,133,81,Dry,Synthetic,30
EMYS,202,84,Oily,Mix,30
UEUN,126,71,Moist,Mix,30
UYUF,58,57,Moist,Blend,30
CLWP,230,38,Sensitive,Natural,30
INGK,196,97,Dry,Synthetic,30
ODIT,124,71,Oily,Mix,30
DGYH,170,60,Moist,Mix,30
BJOJ,217,60,Moist,Blend,30
HUHO,113,74,Sensitive,Natural,30
YTBL,247,50,Dry,Synthetic,30
DXPW,129,46,Oily,Mix,30
XQQA,234,87,Moist,Mix,30
TWKF,100,42,Moist,Blend,30
VYMA,187,65,Sensitive,Natural,30
BEVA,168,35,Dry,Synthetic,30
RRGZ,225,87,Oily,Mix,30
FRJY,123,88,Moist,Mix,30
BOWB,212,93,Moist,Blend,30
QJZR,196,44,Sensitive,Natural,30
JQWQ,73,45,Dry,Synthetic,30
XRMU,123,86,Oily,Mix,30
ETCL,236,72,Moist,Mix,30
CLAU,244,36,Moist,Blend,30
KRPC,224,36,Sensitive,Natural,30
AZJB,130,70,Dry,Synthetic,30
IIIY,58,83,Oily,Mix,30
NTFT,189,91,Moist,Mix,30
XLRC,107,65,Moist,Blend,30
JGII,192,69,Sensitive,Natural,30
TUJA,128,91,Dry,Synthetic,31
URVS,149,52,Oily,Mix,31
WMGU,231,47,Moist,Mix,31
OSOB,92,46,Moist,Blend,31
HACQ,131,77,Sensitive,Natural,31
ZEXC,138,87,Dry,Synthetic,31
PPPC,65,94,Oily,Mix,31
UYSA,158,91,Moist,Mix,31
GGDL,153,54,Moist,Blend,31
MMEO,105,52,Sensitive,Natural,31
DQKO,251,82,Dry,Synthetic,31
UMEJ,254,45,Oily,Mix,31
UAVK,208,74,Moist,Mix,31
KMKM,255,40,Moist,Blend,31
OLLC,178,90,Sensitive,Natural,31
SKLP,59,51,Dry,Synthetic,31
BDHS,60,92,Oily,Mix,31
MJVQ,76,56,Moist,Mix,31
AHLJ,96,97,Moist,Blend,31
EWRQ,49,40,Sensitive,Natural,31
VFIM,63,98,Dry,Synthetic,31
SOCJ,237,80,Oily,Mix,31
CRHW,215,69,Moist,Mix,31
HAKH,210,66,Moist,Blend,31
JHNV,102,55,Sensitive,Natural,31
DPWA,235,49,Dry,Synthetic,31
BNEC,117,53,Oily,Mix,31
XMZO,183,54,Moist,Mix,31
DTTK,113,53,Moist,Blend,31
PFJS,249,97,Sensitive,Natural,31
MXEB,133,41,Dry,Synthetic,31
HRWK,247,91,Oily,Mix,31
CFHS,148,95,Moist,Mix,32
OGAQ,189,97,Moist,Blend,32
ISBH,180,67,Sensitive,Natural,32
DQHI,179,82,Dry,Synthetic,32
WIFT,105,89,Oily,Mix,32
RDQU,59,59,Moist,Mix,32
RIDG,205,92,Moist,Blend,32
IWYA,60,66,Sensitive,Natural,32
PVIW,243,86,Dry,Synthetic,32
LDBJ,150,96,Oily,Mix,32
WMUG,105,72,Moist,Mix,32
IIWG,164,47,Moist,Blend,32
JFAC,132,92,Sensitive,Natural,32
KHHC,86,43,Dry,Synthetic,32
EBHK,176,79,Oily,Mix,32
UQAW,255,64,Moist,Mix,32
TDKW,77,52,Moist,Blend,32
HHND,87,65,Sensitive,Natural,32
JGPB,165,36,Dry,Synthetic,32
MJSW,136,85,Oily,Mix,32
LAIA,156,42,Moist,Mix,32
HHIZ,61,65,Moist,Blend,32
SOET,244,100,Sensitive,Natural,32
MODL,67,80,Dry,Synthetic,32
EZSE,78,77,Oily,Mix,32
SKFE,195,46,Moist,Mix,32
XJCV,54,71,Moist,Blend,32
VVSL,153,100,Sensitive,Natural,32
FHFD,115,38,Dry,Synthetic,32
MYCR,78,92,Oily,Mix,32
SFNJ,255,85,Moist,Mix,32
AYQK,123,54,Moist,Blend,32
OPIN,234,99,Sensitive,Natural,33
KZHR,234,91,Dry,Synthetic,33
ZRLY,135,43,Oily,Mix,33
JXPZ,206,50,Moist,Mix,33
XHJW,247,95,Moist,Blend,33
PUDF,79,52,Sensitive,Natural,33
PUUV,91,66,Dry,Synthetic,33
ZFPS,98,93,Oily,Mix,33
URJO,118,75,Moist,Mix,33
CHSW,134,77,Moist,Blend,33
MCQO,121,58,Sensitive,Natural,33
GKUD,134,63,Dry,Synthetic,33
TUUQ,49,86,Oily,Mix,33
YNAO,149,39,Moist,Mix,33
BJDV,204,91,Moist,Blend,33
YYCH,111,60,Sensitive,Natural,33
DVUC,122,50,Dry,Synthetic,33
FZPC,246,35,Oily,Mix,33
YERH,201,40,Moist,Mix,33
SDNT,106,37,Moist,Blend,33
XCXM,219,41,Sensitive,Natural,33
OJMJ,76,79,Dry,Synthetic,33
OOLP,233,85,Oily,Mix,33
OYRH,254,56,Moist,Mix,33
YZRI,201,76,Moist,Blend,33
XMNK,242,97,Sensitive,Natural,33
TNVJ,231,99,Dry,Synthetic,33
XPZA,177,62,Oily,Mix,33
QBTX,70,64,Moist,Mix,33
SWOS,81,88,Moist,Blend,33
GOTN,95,84,Sensitive,Natural,33
ARXD,95,88,Dry,Synthetic,33
UDIG,215,55,Oily,Mix,34
BDOF,110,77,Moist,Mix,34
DLUI,150,79,Moist,Blend,34
UISK,76,75,Sensitive,Natural,34
SMVK,147,56,Dry,Synthetic,34
ULWE,136,37,Oily,Mix,34
JZGG,82,98,Moist,Mix,34
CXHQ,181,88,Moist,Blend,34
QNUN,188,58,Sensitive,Natural,34
UCFA,92,35,Dry,Synthetic,34
UEGO,105,89,Oily,Mix,34
RDIC,146,81,Moist,Mix,34
ENJB,93,50,Moist,Blend,34
VIIG,151,56,Sensitive,Natural,34
JLUD,218,95,Dry,Synthetic,34
RJCH,70,47,Oily,Mix,34
GEPY,61,69,Moist,Mix,34
CEWW,240,100,Moist,Blend,34
NMNV,94,68,Sensitive,Natural,34
CJHZ,237,77,Dry,Synthetic,34
UFXU,117,78,Oily,Mix,34
NLHT,187,71,Moist,Mix,34
HZUP,83,98,Moist,Blend,34
TCMX,184,83,Sensitive,Natural,34
PYQV,118,74,Dry,Synthetic,34
FOVH,112,92,Oily,Mix,34
RGWD,130,87,Moist,Mix,34
YQDY,151,88,Moist,Blend,34
IJSN,196,50,Sensitive,Natural,34
RLGV,162,45,Dry,Synthetic,34
EISC,132,67,Oily,Mix,34
OKAV,186,37,Moist,Mix,34
HEFI,125,90,Moist,Blend,35
FQLB,74,76,Sensitive,Natural,35
OCZU,177,62,Dry,Synthetic,35
EDTZ,253,58,Oily,Mix,35
CQUH,103,40,Moist,Mix,35
HCCA,108,97,Moist,Blend,35
YUZI,73,58,Sensitive,Natural,35
BRQC,53,98,Dry,Synthetic,35
URWC,207,97,Oily,Mix,35
BOKU,163,79,Moist,Mix,35
TJAS,53,79,Moist,Blend,35
HPYZ,186,56,Sensitive,Natural,35
XJBS,234,52,Dry,Synthetic,35
OGZJ,208,57,Oily,Mix,35
KETX,60,65,Moist,Mix,35
HFDC,160,49,Moist,Blend,35
NSRT,250,56,Sensitive,Natural,35
KLCB,185,62,Dry,Synthetic,35
JCGU,234,82,Oily,Mix,35
OKDO,232,84,Moist,Mix,35
EREL,218,72,Moist,Blend,35
GPVR,170,66,Sensitive,Natural,35
RNYV,199,72,Dry,Synthetic,35
CFFH,211,79,Oily,Mix,35
IUBK,100,93,Moist,Mix,35
KFIR,155,76,Moist,Blend,35
JSUK,148,45,Sensitive,Natural,35
WFEY,164,52,Dry,Synthetic,35
PGJD,194,42,Oily,Mix,35
APWZ,85,95,Moist,Mix,35
QJZY,84,85,Moist,Blend,35
UEZQ,77,66,Sensitive,Natural,35
TBWJ,90,97,Dry,Synthetic,36
LKOF,211,68,Oily,Mix,36
MFOA,197,41,Moist,Mix,36
WUDY,162,80,Moist,Blend,36
XYDL,253,35,Sensitive,Natural,36
DFKE,206,89,Dry,Synthetic,36
MUKK,70,46,Oily,Mix,36
ZVSC,174,69,Moist,Mix,36
RJDX,159,72,Moist,Blend,36
UQOL,177,43,Sensitive,Natural,36
LRZX,234,56,Dry,Synthetic,36
OGYJ,187,77,Oily,Mix,36
RWJO,196,94,Moist,Mix,36
UYFU,171,94,Moist,Blend,36
KRIE,67,76,Sensitive,Natural,36
ORCY,167,92,Dry,Synthetic,36
OAOX,148,39,Oily,Mix,36
CSWB,92,70,Moist,Mix,36
VDRG,134,55,Moist,Blend,36
VHZO,153,74,Sensitive,Natural,36
GEKF,225,65,Dry,Synthetic,36
LLXV,98,42,Oily,Mix,36
YFZX,123,96,Moist,Mix,36
LOKO,93,97,Moist,Blend,36
NGFC,193,54,Sensitive,Natural,36
VFZE,172,68,Dry,Synthetic,36
PSGO,80,86,Oily,Mix,36
IGAY,86,80,Moist,Mix,36
LWRR,60,83,Moist,Blend,36
YNXU,76,96,Sensitive,Natural,36
UUJC,197,50,Dry,Synthetic,36
MCNE,139,36,Oily,Mix,36
FQPK,174,72,Moist,Mix,37
HKSB,247,37,Moist,Blend,37
CWUO,72,77,Sensitive,Natural,37
AKCR,81,79,Dry,Synthetic,37
HUKF,235,81,Oily,Mix,37
LIPB,175,63,Moist,Mix,37
OJTK,112,51,Moist,Blend,37
HFAA,100,53,Sensitive,Natural,37
IJFA,154,73,Dry,Synthetic,37
FKFK,204,52,Oily,Mix,37
CZXY,129,45,Moist,Mix,37
BSCK,190,58,Moist,Blend,37
RUYE,59,64,Sensitive,Natural,37
NMGT,226,60,Dry,Synthetic,37
OMLC,56,98,Oily,Mix,37
GVJH,254,85,Moist,Mix,37
YWQQ,81,80,Moist,Blend,37
BDGD,201,51,Sensitive,Natural,37
KHRP,200,98,Dry,Synthetic,37
XCNV,145,58,Oily,Mix,37
CACZ,190,66,Moist,Mix,37
SIEX,95,47,Moist,Blend,37
JXSG,132,60,Sensitive,Natural,37
SACD,81,98,Dry,Synthetic,37
ZTPE,200,37,Oily,Mix,37
OACW,55,65,Moist,Mix,37
AVVA,114,75,Moist,Blend,37
PIJL,202,96,Sensitive,Natural,37
UZVX,157,46,Dry,Synthetic,37
TBFR,69,44,Oily,Mix,37
CQGK,151,93,Moist,Mix,37
DSOR,202,69,Moist,Blend,37
URIV,87,97,Sensitive,Natural,38
RELW,177,63,Dry,Synthetic,38
NZLC,243,68,Oily,Mix,38
QFEY,122,92,Moist,Mix,38
KKKJ,122,80,Moist,Blend,38
FRNK,91,70,Sensitive,Natural,38
PMIP,162,91,Dry,Synthetic,38
DGSX,121,80,Oily,Mix,38
KQNK,158,97,Moist,Mix,38
VEKC,83,71,Moist,Blend,38
RLYM,112,95,Sensitive,Natural,38
YJYN,116,46,Dry,Synthetic,38
PLVY,52,59,Oily,Mix,38
IXVW,158,77,Moist,Mix,38
LOWD,218,61,Moist,Blend,38
OQLK,81,91,Sensitive,Natural,38
OOZB,187,54,Dry,Synthetic,38
EWHM,190,83,Oily,Mix,38
JVAW,223,86,Moist,Mix,38
BKMI,213,46,Moist,Blend,38
QMMU,165,49,Sensitive,Natural,38
JSEL,217,39,Dry,Synthetic,38
JNEL,193,53,Oily,Mix,38
SRGT,151,65,Moist,Mix,38
NXRY,209,75,Moist,Blend,38
OLXC,108,44,Sensitive,Natural,38
VGMJ,84,85,Dry,Synthetic,38
OBRY,184,54,Oily,Mix,38
PKUL,83,41,Moist,Mix,38
QOUL,126,67,Moist,Blend,38
WAEP,231,61,Sensitive,Natural,38
JCDJ,169,76,Dry,Synthetic,38
MXPE,55,42,Oily,Mix,39
OLCN,159,49,Moist,Mix,39
JXCF,145,70,Moist,Blend,39
FVHY,156,95,Sensitive,Natural,39
KMSQ,95,72,Dry,Synthetic,39
TRDZ,236,44,Oily,Mix,39
WREC,72,96,Moist,Mix,39
HVJP,188,67,Moist,Blend,39
RRVD,187,49,Sensitive,Natural,39
YVVX,182,61,Dry,Synthetic,39
UASG,204,69,Oily,Mix,39
JLXF,122,85,Moist,Mix,39
NATP,83,70,Moist,Blend,39
BAVJ,107,38,Sensitive,Natural,39
YYOR,113,83,Dry,Synthetic,39
ONMO,105,98,Oily,Mix,39
JRSJ,173,45,Moist,Mix,39
UWWH,137,68,Moist,Blend,39
GMPR,210,88,Sensitive,Natural,39
EAMN,203,55,Dry,Synthetic,39
BWNQ,220,87,Oily,Mix,39
ERDJ,115,35,Moist,Mix,39
PWIR,100,49,Moist,Blend,39
WYNR,189,45,Sensitive,Natural,39
MFKP,53,42,Dry,Synthetic,39
WCNO,185,59,Oily,Mix,39
NGFC,94,85,Moist,Mix,39
RVXX,188,51,Moist,Blend,39
OJHB,161,96,Sensitive,Natural,39
DNUS,78,99,Dry,Synthetic,39
SIKU,63,73,Oily,Mix,39
MNLX,108,62,Moist,Mix,39
WNXG,200,90,Moist,Blend,40
JKSS,248,45,Sensitive,Natural,40
JRIP,153,53,Dry,Synthetic,40
OJVB,203,75,Oily,Mix,40
KDTY,244,57,Moist,Mix,40
OQBF,175,52,Moist,Blend,40
MPAS,144,78,Sensitive,Natural,40
NLJL,162,86,Dry,Synthetic,40
SAUA,104,45,Oily,Mix,40
MYCT,165,84,Moist,Mix,40
EYNY,198,40,Moist,Blend,40
JLXE,207,37,Sensitive,Natural,40
DHOO,130,89,Dry,Synthetic,40
RYBS,103,98,Oily,Mix,40
NBOH,209,82,Moist,Mix,40
FROT,95,41,Moist,Blend,40
HZNK,102,84,Sensitive,Natural,40
BRHU,202,56,Dry,Synthetic,40
DBDM,166,81,Oily,Mix,40
GETW,218,59,Moist,Mix,40
XQLV,106,72,Moist,Blend,40
IONT,90,43,Sensitive,Natural,40
VAKC,176,38,Dry,Synthetic,40
KEXR,89,86,Oily,Mix,40
PVYI,149,81,Moist,Mix,40
CXNC,195,81,Moist,Blend,40
UAEW,55,35,Sensitive,Natural,40
SDPX,235,80,Dry,Synthetic,40
UJMN,181,59,Oily,Mix,40
PQRU,162,50,Moist,Mix,40
IAVU,85,78,Moist,Blend,40
FCEG,104,68,Sensitive,Natural,40
BVMA,121,47,Dry,Synthetic,41
ABTR,55,76,Oily,Mix,41
UYFC,106,69,Moist,Mix,41
JJMU,111,70,Moist,Blend,41
ZSTC,145,39,Sensitive,Natural,41
MFXZ,149,64,Dry,Synthetic,41
NHRO,149,36,Oily,Mix,41
XYQY,182,74,Moist,Mix,41
VYTR,209,37,Moist,Blend,41
UHDY,81,44,Sensitive,Natural,41
YTYD,102,52,Dry,Synthetic,41
IEOZ,142,37,Oily,Mix,41
AYBA,83,87,Moist,Mix,41
IKUJ,211,69,Moist,Blend,41
UYJN,139,89,Sensitive,Natural,41
IBBN,161,39,Dry,Synthetic,41
OXEQ,200,86,Oily,Mix,41
XEFY,201,66,Moist,Mix,41
JZMP,218,53,Moist,Blend,41
FRAB,85,50,Sensitive,Natural,41
TUEC,133,71,Dry,Synthetic,41
HGNN,70,91,Oily,Mix,41
NXUI,121,74,Moist,Mix,41
DCFU,57,61,Moist,Blend,41
LZOY,173,51,Sensitive,Natural,41
NSXS,73,64,Dry,Synthetic,41
IEIO,190,81,Oily,Mix,41
GNZV,139,37,Moist,Mix,41
MVXH,50,47,Moist,Blend,41
QRTA,107,69,Sensitive,Natural,41
GHJT,186,96,Dry,Synthetic,41
YVOW,99,91,Oily,Mix,41
EYPU,244,83,Moist,Mix,42
NTWD,128,58,Moist,Blend,42
OBCK,115,35,Sensitive,Natural,42
OCII,160,72,Dry,Synthetic,42
FHOA,127,85,Oily,Mix,42
DLYS,228,55,Moist,Mix,42
YHWC,201,55,Moist,Blend,42
IGZR,160,86,Sensitive,Natural,42
GRSW,97,81,Dry,Synthetic,42
TOWG,84,92,Oily,Mix,42
GALJ,195,92,Moist,Mix,42
ASIQ,135,67,Moist,Blend,42
NRVK,112,90,Sensitive,Natural,42
NHQA,119,97,Dry,Synthetic,42
EDQU,60,61,Oily,Mix,42
TOWO,170,40,Moist,Mix,42
JJRE,247,69,Moist,Blend,42
XUAA,188,67,Sensitive,Natural,42
FXAT,76,95,Dry,Synthetic,42
OIWD,128,74,Oily,Mix,42
XFJL,60,82,Moist,Mix,42
GRDZ,183,53,Moist,Blend,42
IQWJ,81,46,Sensitive,Natural,42
GBQO,113,37,Dry,Synthetic,42
SWZX,115,93,Oily,Mix,42
YXRR,122,85,Moist,Mix,42
YTDE,166,85,Moist,Blend,42
DCOC,167,85,Sensitive,Natural,42
GNYK,233,66,Dry,Synthetic,42
BEGA,251,86,Oily,Mix,42
PHFX,167,100,Moist,Mix,42
PITT,143,93,Moist,Blend,42
BBTS,216,98,Sensitive,Natural,43
UIWA,235,35,Dry,Synthetic,43
ZEBG,152,79,Oily,Mix,43
AALR,184,48,Moist,Mix,43
SUHK,199,39,Moist,Blend,43
JPLS,183,71,Sensitive,Natural,43
PLJG,183,45,Dry,Synthetic,43
UDQW,255,52,Oily,Mix,43
JLKZ,219,64,Moist,Mix,43
XZOO,195,61,Moist,Blend,43
CQPA,170,91,Sensitive,Natural,43
GGKH,87,64,Dry,Synthetic,43
PIXH,87,68,Oily,Mix,43
CNGY,63,97,Moist,Mix,43
ACLW,245,53,Moist,Blend,43
NKOI,56,76,Sensitive,Natural,43
KIHL,51,36,Dry,Synthetic,43
VFLV,75,50,Oily,Mix,43
BWAE,107,35,Moist,Mix,43
NTAT,126,44,Moist,Blend,43
KSMW,183,37,Sensitive,Natural,43
EUKF,164,44,Dry,Synthetic,43
JRSN,134,58,Oily,Mix,43
YJVY,81,91,Moist,Mix,43
PTPB,234,47,Moist,Blend,43
DTJD,84,81,Sensitive,Natural,43
KGAA,243,39,Dry,Synthetic,43
NJFS,231,96,Oily,Mix,43
IGHE,85,46,Moist,Mix,43
YUAS,250,78,Moist,Blend,43
QSGB,230,88,Sensitive,Natural,43
CENQ,79,68,Dry,Synthetic,43
UIDE,179,74,Oily,Mix,44
ZXHM,70,92,Moist,Mix,44
GRHJ,189,76,Moist,Blend,44
CBXG,227,49,Sensitive,Natural,44
FMHL,114,42,Dry,Synthetic,44
DHTS,81,50,Oily,Mix,44
KPQO,130,89,Moist,Mix,44
ZARJ,133,50,Moist,Blend,44
GYZB,133,96,Sensitive,Natural,44
ZSJP,81,61,Dry,Synthetic,44
RTIC,172,49,Oily,Mix,44
HJLP,158,61,Moist,Mix,44
AJKC,119,74,Moist,Blend,44
RXWM,80,86,Sensitive,Natural,44
DJND,95,88,Dry,Synthetic,44
VKIF,226,87,Oily,Mix,44
QANG,60,71,Moist,Mix,44
ZVZV,52,93,Moist,Blend,44
TOLD,245,97,Sensitive,Natural,44
HRPE,128,76,Dry,Synthetic,44
TYJI,202,42,Oily,Mix,44
YWMQ,149,91,Moist,Mix,44
FMLG,91,77,Moist,Blend,44
UYJR,233,47,Sensitive,Natural,44
PFFV,201,38,Dry,Synthetic,44
XYRU,167,41,Oily,Mix,44
CIWU,72,83,Moist,Mix,44
BGQX,179,48,Moist,Blend,44
CMPK,62,68,Sensitive,Natural,44
DECL,51,92,Dry,Synthetic,44
EKXX,53,45,Oily,Mix,44
YJEZ,226,44,Moist,Mix,44
MLYB,139,94,Moist,Blend,45
PCCN,61,78,Sensitive,Natural,45
OQMD,198,82,Dry,Synthetic,45
PPPI,139,75,Oily,Mix,45
OKQP,231,65,Moist,Mix,45
WQKA,174,91,Moist,Blend,45
ZTDI,80,49,Sensitive,Natural,45
PGCS,160,95,Dry,Synthetic,45
DNHD,237,83,Oily,Mix,45
DFYY,227,55,Moist,Mix,45
DQVK,159,39,Moist,Blend,45
DMNU,98,42,Sensitive,Natural,45
VNZO,182,63,Dry,Synthetic,45
NDJK,107,37,Oily,Mix,45
DBTA,131,59,Moist,Mix,45
WYZU,99,82,Moist,Blend,45
EABE,191,67,Sensitive,Natural,45
HESQ,172,91,Dry,Synthetic,45
CCLK,85,85,Oily,Mix,45
MTXB,221,98,Moist,Mix,45
UKRT,150,86,Moist,Blend,45
AGBO,66,78,Sensitive,Natural,45
QLAY,129,99,Dry,Synthetic,45
EECY,148,54,Oily,Mix,45
UUNI,180,83,Moist,Mix,45
APZI,188,93,Moist,Blend,45
ONHB,188,81,Sensitive,Natural,45
ZTBP,223,54,Dry,Synthetic,45
GHRQ,72,48,Oily,Mix,45
TWBR,168,74,Moist,Mix,45
JZPB,108,84,Moist,Blend,45
WEVQ,78,91,Sensitive,Natural,45
PXEH,189,36,Dry,Synthetic,46
VOAJ,110,41,Oily,Mix,46
AFHM,171,94,Moist,Mix,46
MURJ,126,59,Moist,Blend,46
MJKB,123,64,Sensitive,Natural,46
HRQW,149,67,Dry,Synthetic,46
BWLH,77,64,Oily,Mix,46
AQKS,106,38,Moist,Mix,46
HVCC,62,94,Moist,Blend,46
VESV,71,42,Sensitive,Natural,46
RIQU,122,62,Dry,Synthetic,46
GMYD,147,90,Oily,Mix,46
HCCE,252,62,Moist,Mix,46
VJVH,159,39,Moist,Blend,46
TALH,84,60,Sensitive,Natural,46
HRFU,247,45,Dry,Synthetic,46
QMJT,154,99,Oily,Mix,46
XYQB,86,56,Moist,Mix,46
XMJB,101,99,Moist,Blend,46
GXRQ,71,92,Sensitive,Natural,46
EKUV,56,98,Dry,Synthetic,46
CXYN,165,47,Oily,Mix,46
ITLG,230,77,Moist,Mix,46
VLRU,56,89,Moist,Blend,46
MVIB,253,55,Sensitive,Natural,46
AGDV,65,64,Dry,Synthetic,46
QVMH,179,78,Oily,Mix,46
SVWX,243,93,Moist,Mix,46
FSPT,157,82,Moist,Blend,46
RLDQ,69,93,Sensitive,Natural,46
XKEP,201,77,Dry,Synthetic,46
GCEH,205,62,Oily,Mix,46
KUTZ,50,43,Moist,Mix,47
CGRH,77,54,Moist,Blend,47
GMYD,171,45,Sensitive,Natural,47
IVRV,61,65,Dry,Synthetic,47
BTDN,233,70,Oily,Mix,47
WNOM,201,62,Moist,Mix,47
AGKZ,138,62,Moist,Blend,47
INHO,149,83,Sensitive,Natural,47
QOYV,153,69,Dry,Synthetic,47
BJIS,122,97,Oily,Mix,47
TMCU,170,60,Moist,Mix,47
FCSF,217,53,Moist,Blend,47
GTLP,212,90,Sensitive,Natural,47
LLGC,78,40,Dry,Synthetic,47
XWSX,51,95,Oily,Mix,47
AJCC,106,69,Moist,Mix,47
MCNQ,99,48,Moist,Blend,47
SKYZ,91,87,Sensitive,Natural,47
YOJX,231,71,Dry,Synthetic,47
KHJT,197,100,Oily,Mix,47
JPQF,160,57,Moist,Mix,47
TRJJ,206,36,Moist,Blend,47
YCWR,89,93,Sensitive,Natural,47
KNWY,219,71,Dry,Synthetic,47
XGSD,211,94,Oily,Mix,47
CFAI,201,84,Moist,Mix,47
UHZW,208,61,Moist,Blend,47
CWOB,220,69,Sensitive,Natural,47
KCGM,131,73,Dry,Synthetic,47
WPCV,237,56,Oily,Mix,47
CWPC,116,71,Moist,Mix,47
HBCW,231,89,Moist,Blend,47
GQKS,112,41,Sensitive,Natural,48
OJSK,204,79,Dry,Synthetic,48
INAR,74,78,Oily,Mix,48
TKIO,238,89,Moist,Mix,48
NBXP,90,99,Moist,Blend,48
PSNS,87,37,Sensitive,Natural,48
LVDU,173,67,Dry,Synthetic,48
EZHF,59,79,Oily,Mix,48
WVJI,156,89,Moist,Mix,48
DYQO,207,45,Moist,Blend,48
NVLH,171,92,Sensitive,Natural,48
ZGLD,136,40,Dry,Synthetic,48
HYZH,71,68,Oily,Mix,48
QSTS,136,44,Moist,Mix,48
YXGD,231,45,Moist,Blend,48
FZBK,195,54,Sensitive,Natural,48
ENQB,76,97,Dry,Synthetic,48
IEGT,132,39,Oily,Mix,48
SJZS,156,74,Moist,Mix,48
COSF,129,62,Moist,Blend,48
GTMV,123,57,Sensitive,Natural,48
UJWM,224,39,Dry,Synthetic,48
OACS,222,71,Oily,Mix,48
BFAN,61,37,Moist,Mix,48
QIVC,56,65,Moist,Blend,48
NYON,157,99,Sensitive,Natural,48
HAXV,161,79,Dry,Synthetic,48
XPWD,229,42,Oily,Mix,48
QCRU,208,65,Moist,Mix,48
EQGX,187,88,Moist,Blend,48
USSN,190,51,Sensitive,Natural,48
FGNQ,244,51,Dry,Synthetic,48
ZWFM,111,64,Oily,Mix,49
TQKC,202,35,Moist,Mix,49
THAB,93,71,Moist,Blend,49
SJAK,103,46,Sensitive,Natural,49
TPHE,56,91,Dry,Synthetic,49
ZOTK,243,82,Oily,Mix,49
SACD,172,50,Moist,Mix,49
UVLC,108,59,Moist,Blend,49
MUBG,248,67,Sensitive,Natural,49
GQYF,100,93,Dry,Synthetic,49
UEFR,214,83,Oily,Mix,49
FUSB,241,68,Moist,Mix,49
PFLM,212,60,Moist,Blend,49
VRDZ,237,79,Sensitive,Natural,49
PEZS,138,98,Dry,Synthetic,49
UOIR,85,64,Oily,Mix,49
XRYZ,122,90,Moist,Mix,49
FJBQ,235,47,Moist,Blend,49
TJAR,244,69,Sensitive,Natural,49
FWMC,173,68,Dry,Synthetic,49
FBCM,236,47,Oily,Mix,49
XAES,223,70,Moist,Mix,49
BLCD,238,66,Moist,Blend,49
EQBZ,140,59,Sensitive,Natural,49
WRIB,208,48,Dry,Synthetic,49
UIHX,140,96,Oily,Mix,49
ULBX,168,36,Moist,Mix,49
WILB,173,83,Moist,Blend,49
ICIB,57,72,Sensitive,Natural,49
XUKH,180,47,Dry,Synthetic,49
UUEG,221,47,Oily,Mix,49
ESLI,171,98,Moist,Mix,49
ZYJS,145,90,Moist,Blend,50
IKKA,251,92,Sensitive,Natural,50
VSYN,152,59,Dry,Synthetic,50
PGLJ,224,67,Oily,Mix,50
PGRA,142,86,Moist,Mix,50
MPZQ,182,69,Moist,Blend,50
FLRQ,240,57,Sensitive,Natural,50
IRSD,195,87,Dry,Synthetic,50
EBGR,128,68,Oily,Mix,50
TSXZ,174,100,Moist,Mix,50
LSCT,228,91,Moist,Blend,50
RUQQ,53,81,Sensitive,Natural,50
SROH,102,83,Dry,Synthetic,50
