MoisturizerName,SkinType,Cost,BrandID
KC47,Sensitive,23,1
SB38,Dry,17,1
TQ27,Oily,43,1
UW45,Moist,39,1
UH88,Sensitive,39,1
BE25,Dry,42,1
AE49,Oily,29,1
VA43,Moist,29,1
AM68,Sensitive,12,1
PV44,Dry,37,1
UK50,Oily,34,1
YP22,Moist,11,1
HD77,Sensitive,12,1
JX59,Dry,11,1
ER98,Oily,11,1
VJ73,Moist,34,1
MT98,Sensitive,12,1
KP24,Dry,22,1
LB45,Oily,13,1
SP12,Moist,38,1
MU75,Sensitive,10,1
RQ79,Dry,30,1
HY98,Oily,35,1
AN78,Moist,16,1
XP77,Sensitive,17,1
IO82,Dry,22,1
QF26,Oily,42,1
KZ16,Moist,24,1
OX36,Sensitive,20,1
PZ24,Dry,20,1
YH72,Oily,13,1
HA10,Moist,29,1
KV98,Sensitive,16,2
VD69,Dry,41,2
HF46,Oily,10,2
ER92,Moist,25,2
SF32,Sensitive,35,2
YS47,Dry,8,2
LL75,Oily,33,2
CB73,Moist,41,2
OZ30,Sensitive,33,2
IV76,Dry,21,2
ZC67,Oily,43,2
PA33,Moist,15,2
LN84,Sensitive,42,2
NN49,Dry,17,2
VT16,Oily,26,2
JG54,Moist,45,2
ZI46,Sensitive,27,2
VI99,Dry,32,2
XV44,Oily,26,2
AF13,Moist,40,2
WU70,Sensitive,40,2
UL71,Dry,38,2
WL86,Oily,34,2
YZ97,Moist,44,2
KL66,Sensitive,15,2
NO81,Dry,36,2
GX68,Oily,45,2
NP79,Moist,14,2
MG38,Sensitive,23,2
CN18,Dry,19,2
QZ24,Oily,29,2
JT47,Moist,23,2
OP15,Sensitive,12,3
KW50,Dry,27,3
BE52,Oily,17,3
DR44,Moist,12,3
HE98,Sensitive,41,3
ED30,Dry,35,3
TR28,Oily,30,3
HY46,Moist,27,3
BW71,Sensitive,25,3
GX86,Dry,9,3
TP41,Oily,45,3
DX46,Moist,44,3
OT65,Sensitive,36,3
TI91,Dry,35,3
SR65,Oily,30,3
YG38,Moist,25,3
NJ93,Sensitive,33,3
BL82,Dry,38,3
WA37,Oily,37,3
GE13,Moist,25,3
YL85,Sensitive,31,3
TC23,Dry,35,3
DW18,Oily,24,3
FN23,Moist,64,3
KA21,Sensitive,63,3
HK92,Dry,39,3
VM63,Oily,57,3
EE99,Moist,45,3
XY77,Sensitive,49,3
SA26,Dry,26,3
WF52,Oily,70,3
YO54,Moist,39,3
BZ88,Sensitive,60,4
XD13,Dry,62,4
TL57,Oily,19,4
NH49,Moist,31,4
EG55,Sensitive,18,4
AG69,Dry,53,4
ZS32,Oily,45,4
BE98,Moist,59,4
LE50,Sensitive,24,4
CP96,Dry,41,4
IZ12,Oily,15,4
GL35,Moist,28,4
LQ40,Sensitive,59,4
FG65,Dry,45,4
VN11,Oily,26,4
XP99,Moist,17,4
BL88,Sensitive,61,4
MN29,Dry,20,4
AC79,Oily,20,4
GW72,Moist,21,4
EN12,Sensitive,57,4
OJ10,Dry,67,4
JP84,Oily,66,4
FN35,Moist,29,4
SR35,Sensitive,64,4
PH39,Dry,62,4
RJ83,Oily,28,4
KH23,Moist,67,4
AI95,Sensitive,15,4
IJ97,Dry,57,4
XA81,Oily,55,4
BY45,Moist,69,4
GM85,Sensitive,17,5
WA12,Dry,51,5
XV29,Oily,47,5
SG78,Moist,25,5
RU92,Sensitive,69,5
PE34,Dry,40,5
FX24,Oily,35,5
BA12,Moist,30,5
SD36,Sensitive,71,5
IR74,Dry,73,5
AQ77,Oily,59,5
YE26,Moist,60,5
VB67,Sensitive,69,5
LW47,Dry,73,5
OH97,Oily,51,5
FG45,Moist,50,5
KV61,Sensitive,31,5
TF63,Dry,18,5
ZR57,Oily,56,5
WB76,Moist,34,5
GA52,Sensitive,42,5
OH68,Dry,65,5
ZD58,Oily,51,5
LY28,Moist,47,5
VP49,Sensitive,15,5
TD96,Dry,63,5
QQ57,Oily,68,5
LO21,Moist,36,5
MF12,Sensitive,28,5
AU47,Dry,16,5
FV76,Oily,53,5
ER92,Moist,20,5
KO78,Sensitive,31,6
TD65,Dry,39,6
SR46,Oily,55,6
OY26,Moist,62,6
FD81,Sensitive,26,6
DS41,Dry,74,6
QX84,Oily,74,6
AD62,Moist,32,6
CL66,Sensitive,36,6
PH70,Dry,64,6
YO84,Oily,17,6
HG88,Moist,19,6
WK95,Sensitive,20,6
FF92,Dry,66,6
ZF59,Oily,19,6
IH81,Moist,25,6
YN57,Sensitive,65,6
XJ91,Dry,17,6
KO99,Oily,43,6
KY24,Moist,39,6
YE15,Sensitive,47,6
EH80,Dry,57,6
YF18,Oily,31,6
IT12,Moist,57,6
TI99,Sensitive,20,6
DG81,Dry,66,6
GZ69,Oily,62,6
CA84,Moist,65,6
EY81,Sensitive,42,6
GG77,Dry,73,6
LE13,Oily,42,6
SW78,Moist,23,6
GM34,Sensitive,43,7
NU51,Dry,38,7
BW37,Oily,55,7
WV30,Moist,73,7
EY79,Sensitive,46,7
TV65,Dry,42,7
NV77,Oily,18,7
NI85,Moist,57,7
TP17,Sensitive,47,7
OJ73,Dry,42,7
GI13,Oily,44,7
UF49,Moist,34,7
MH61,Sensitive,54,7
BW88,Dry,56,7
TS42,Oily,63,7
YK92,Moist,70,7
JV39,Sensitive,38,7
GP10,Dry,17,7
FA23,Oily,65,7
SD37,Moist,33,7
UU39,Sensitive,75,7
PW75,Dry,25,7
EP89,Oily,42,7
WJ57,Moist,54,7
BK68,Sensitive,33,7
VP72,Dry,31,7
CN76,Oily,57,7
FP77,Moist,74,7
ME77,Sensitive,67,7
XX95,Dry,59,7
IP62,Oily,55,7
GZ60,Moist,46,7
IG27,Sensitive,75,8
CS21,Dry,26,8
YD70,Oily,24,8
HB79,Moist,58,8
TQ63,Sensitive,69,8
GD34,Dry,42,8
HL61,Oily,17,8
BI85,Moist,33,8
AF78,Sensitive,17,8
FE61,Dry,62,8
LY29,Oily,42,8
PY14,Moist,50,8
KI98,Sensitive,42,8
JE66,Dry,53,8
HZ61,Oily,24,8
FE37,Moist,66,8
BV52,Sensitive,44,8
MF73,Dry,33,8
DA16,Oily,19,8
IU13,Moist,70,8
EF14,Sensitive,41,8
LH23,Dry,18,8
IP12,Oily,66,8
JM61,Moist,59,8
BW62,Sensitive,57,8
BV74,Dry,60,8
VZ33,Oily,56,8
UY97,Moist,16,8
MY64,Sensitive,25,8
JT28,Dry,63,8
ND90,Oily,18,8
DF52,Moist,75,8
ZJ21,Sensitive,20,9
GQ83,Dry,42,9
KN89,Oily,64,9
GI31,Moist,16,9
LR73,Sensitive,24,9
KT48,Dry,47,9
OS11,Oily,73,9
DH59,Moist,69,9
ZB22,Sensitive,60,9
XS73,Dry,50,9
CG70,Oily,67,9
MJ76,Moist,17,9
LV84,Sensitive,66,9
CB36,Dry,50,9
SP77,Oily,70,9
AM76,Moist,72,9
EC65,Sensitive,46,9
KY24,Dry,33,9
CE87,Oily,38,9
SA29,Moist,17,9
FU47,Sensitive,59,9
HJ70,Dry,41,9
ES64,Oily,24,9
PD84,Moist,49,9
IY65,Sensitive,69,9
UZ76,Dry,35,9
MP33,Oily,42,9
CB29,Moist,44,9
NZ40,Sensitive,50,9
QX27,Dry,48,9
BB26,Oily,59,9
XA83,Moist,65,9
PA22,Sensitive,73,10
EX19,Dry,54,10
YI21,Oily,42,10
KP40,Moist,25,10
SC60,Sensitive,67,10
FD67,Dry,46,10
BW10,Oily,36,10
DF87,Moist,52,10
IH34,Sensitive,25,10
SF69,Dry,50,10
GT33,Oily,73,10
CD69,Moist,53,10
YR78,Sensitive,25,10
LE98,Dry,72,10
YP12,Oily,72,10
BO71,Moist,21,10
LS19,Sensitive,20,10
AT73,Dry,39,10
GM89,Oily,60,10
XT80,Moist,53,10
YQ34,Sensitive,52,10
FV60,Dry,65,10
NQ41,Oily,43,10
MV39,Moist,47,10
IG79,Sensitive,40,10
CF97,Dry,54,10
BZ47,Oily,65,10
RB61,Moist,27,10
IU53,Sensitive,67,10
IL89,Dry,33,10
AB30,Oily,45,10
WG76,Moist,52,10
NY73,Sensitive,38,11
GQ56,Dry,65,11
TF98,Oily,58,11
KX25,Moist,53,11
XJ46,Sensitive,41,11
IE12,Dry,38,11
VB76,Oily,40,11
HK46,Moist,70,11
XU74,Sensitive,29,11
DB93,Dry,70,11
MD34,Oily,57,11
KY52,Moist,32,11
KW17,Sensitive,28,11
ZI43,Dry,15,11
KX74,Oily,60,11
GH81,Moist,59,11
CX25,Sensitive,39,11
DZ68,Dry,26,11
ZG57,Oily,31,11
WZ41,Moist,71,11
EV36,Sensitive,26,11
NF40,Dry,72,11
UR65,Oily,59,11
XT36,Moist,67,11
LF25,Sensitive,15,11
AG13,Dry,68,11
SH26,Oily,48,11
RD87,Moist,73,11
KW74,Sensitive,34,11
GW23,Dry,26,11
NA58,Oily,27,11
MH65,Moist,43,11
CC89,Sensitive,20,12
FP41,Dry,69,12
MF80,Oily,66,12
DT77,Moist,39,12
JH84,Sensitive,40,12
QL54,Dry,24,12
HS25,Oily,40,12
AP62,Moist,51,12
MI95,Sensitive,19,12
TV22,Dry,67,12
XB58,Oily,36,12
UN65,Moist,43,12
DT98,Sensitive,16,12
UA14,Dry,63,12
ZJ42,Oily,58,12
OS36,Moist,23,12
XD87,Sensitive,31,12
UO96,Dry,51,12
CY49,Oily,38,12
PQ41,Moist,27,12
UE52,Sensitive,44,12
KR64,Dry,23,12
IU41,Oily,62,12
NP72,Moist,31,12
JY67,Sensitive,58,12
VC24,Dry,72,12
ZG73,Oily,26,12
DP37,Moist,63,12
AJ38,Sensitive,61,12
XX38,Dry,43,12
VU88,Oily,42,12
PL41,Moist,72,12
HI25,Sensitive,58,13
FX11,Dry,74,13
MY11,Oily,71,13
LO57,Moist,45,13
SN65,Sensitive,47,13
ZR27,Dry,41,13
PC76,Oily,54,13
YI19,Moist,28,13
RD21,Sensitive,49,13
QE84,Dry,61,13
LO47,Oily,51,13
SC67,Moist,69,13
TF86,Sensitive,46,13
VE83,Dry,60,13
SZ67,Oily,43,13
ZZ63,Moist,24,13
RC63,Sensitive,33,13
NP14,Dry,74,13
OJ37,Oily,46,13
UA70,Moist,21,13
MQ18,Sensitive,37,13
PS95,Dry,30,13
TH99,Oily,35,13
AV51,Moist,73,13
YH35,Sensitive,42,13
GY60,Dry,25,13
FF82,Oily,54,13
NH35,Moist,48,13
TJ19,Sensitive,58,13
GL79,Dry,71,13
FA34,Oily,40,13
UW49,Moist,54,13
PR60,Sensitive,60,14
IN38,Dry,24,14
QU57,Oily,65,14
TU78,Moist,68,14
ZI81,Sensitive,36,14
EM58,Dry,25,14
WW53,Oily,61,14
AJ34,Moist,53,14
SA23,Sensitive,55,14
NW18,Dry,23,14
KR94,Oily,74,14
EP60,Moist,55,14
JA12,Sensitive,69,14
NJ65,Dry,19,14
QH97,Oily,18,14
PF90,Moist,37,14
VM73,Sensitive,23,14
YR95,Dry,34,14
AX79,Oily,68,14
RU60,Moist,51,14
JQ89,Sensitive,54,14
JU44,Dry,43,14
HN14,Oily,33,14
IN25,Moist,64,14
LL47,Sensitive,38,14
GT87,Dry,37,14
BV19,Oily,64,14
HZ22,Moist,36,14
BS66,Sensitive,35,14
IY91,Dry,74,14
JI90,Oily,35,14
JA33,Moist,40,14
TX57,Sensitive,42,15
QA16,Dry,64,15
WT83,Oily,17,15
OE59,Moist,43,15
WY88,Sensitive,33,15
OZ92,Dry,21,15
DA76,Oily,58,15
VW93,Moist,62,15
JG47,Sensitive,45,15
OA44,Dry,31,15
WE37,Oily,58,15
BW30,Moist,45,15
OY65,Sensitive,54,15
KJ59,Dry,35,15
KU44,Oily,48,15
EA79,Moist,20,15
WO36,Sensitive,58,15
BR73,Dry,72,15
ZE73,Oily,59,15
CI69,Moist,53,15
QR45,Sensitive,15,15
TF73,Dry,28,15
RH66,Oily,60,15
PF63,Moist,64,15
FA55,Sensitive,38,15
KF63,Dry,56,15
TM71,Oily,54,15
MV60,Moist,16,15
EF55,Sensitive,42,15
CM61,Dry,57,15
AZ40,Oily,30,15
NG74,Moist,70,15
GD66,Sensitive,67,16
XM64,Dry,71,16
RL28,Oily,28,16
AZ33,Moist,27,16
MZ29,Sensitive,59,16
ZI30,Dry,63,16
SD75,Oily,72,16
GJ32,Moist,70,16
DD35,Sensitive,50,16
XW99,Dry,47,16
QY68,Oily,30,16
GW44,Moist,20,16
ZS48,Sensitive,26,16
CN66,Dry,54,16
NU99,Oily,28,16
HT86,Moist,36,16
GT46,Sensitive,38,16
CC11,Dry,16,16
HD47,Oily,51,16
HS85,Moist,22,16
SY54,Sensitive,36,16
DH91,Dry,59,16
WU82,Oily,22,16
XE50,Moist,19,16
GV11,Sensitive,20,16
TB84,Dry,49,16
OB67,Oily,62,16
DN64,Moist,34,16
LN60,Sensitive,15,16
WQ26,Dry,26,16
QX92,Oily,37,16
LN70,Moist,20,16
UQ91,Sensitive,24,17
VV48,Dry,62,17
XX73,Oily,40,17
JZ90,Moist,61,17
NP46,Sensitive,38,17
EH42,Dry,19,17
ZI18,Oily,38,17
CG31,Moist,27,17
DM26,Sensitive,58,17
XK32,Dry,68,17
BD44,Oily,64,17
PJ69,Moist,35,17
SS18,Sensitive,46,17
YB29,Dry,31,17
TE96,Oily,25,17
WB78,Moist,42,17
IM44,Sensitive,28,17
AE80,Dry,37,17
HP86,Oily,39,17
HV46,Moist,19,17
AR70,Sensitive,42,17
JJ80,Dry,34,17
ZA44,Oily,67,17
TF91,Moist,30,17
FE35,Sensitive,59,17
IG54,Dry,69,17
RT87,Oily,23,17
ED70,Moist,22,17
YU67,Sensitive,40,17
BT38,Dry,57,17
MC31,Oily,19,17
RV96,Moist,70,17
II46,Sensitive,42,18
CH70,Dry,49,18
ZV95,Oily,43,18
NN85,Moist,54,18
RQ48,Sensitive,58,18
TC81,Dry,35,18
EG42,Oily,45,18
TL45,Moist,54,18
HY21,Sensitive,46,18
KZ72,Dry,68,18
YN28,Oily,70,18
BL96,Moist,40,18
KD49,Sensitive,40,18
JV88,Dry,63,18
DY57,Oily,31,18
ON42,Moist,23,18
OK61,Sensitive,74,18
XR78,Dry,39,18
EH84,Oily,64,18
MR56,Moist,21,18
NE48,Sensitive,73,18
WX48,Dry,47,18
DO47,Oily,69,18
IQ42,Moist,35,18
YM79,Sensitive,52,18
RJ98,Dry,35,18
ZP13,Oily,71,18
WA41,Moist,23,18
BO17,Sensitive,52,18
EI53,Dry,40,18
FW12,Oily,22,18
IP67,Moist,71,18
PF39,Sensitive,25,19
TH42,Dry,63,19
KN21,Oily,71,19
YR64,Moist,53,19
XS50,Sensitive,55,19
HI78,Dry,32,19
UU88,Oily,27,19
MD16,Moist,41,19
ER23,Sensitive,34,19
VF63,Dry,37,19
RR36,Oily,15,19
MA75,Moist,34,19
EX50,Sensitive,35,19
BZ30,Dry,29,19
XG30,Oily,41,19
LT23,Moist,24,19
PL25,Sensitive,22,19
GS90,Dry,35,19
OM53,Oily,49,19
HJ27,Moist,25,19
BV20,Sensitive,54,19
FP52,Dry,44,19
WD72,Oily,19,19
RF71,Moist,71,19
RV35,Sensitive,63,19
FN71,Dry,48,19
VA11,Oily,58,19
GA70,Moist,33,19
QY62,Sensitive,30,19
IS85,Dry,33,19
NB93,Oily,64,19
SK41,Moist,60,19
VL49,Sensitive,15,20
VM39,Dry,38,20
CO52,Oily,29,20
QY72,Moist,36,20
AJ34,Sensitive,32,20
FT56,Dry,44,20
HZ13,Oily,73,20
CI88,Moist,48,20
GZ77,Sensitive,70,20
VF95,Dry,33,20
EM81,Oily,44,20
OO86,Moist,51,20
UP52,Sensitive,64,20
UP80,Dry,26,20
CO75,Oily,34,20
DF87,Moist,74,20
EQ41,Sensitive,49,20
EF39,Dry,16,20
JP42,Oily,34,20
BK47,Moist,34,20
TV70,Sensitive,35,20
QC22,Dry,67,20
VD30,Oily,27,20
YP50,Moist,22,20
UC60,Sensitive,30,20
CD56,Dry,46,20
DV13,Oily,27,20
UO12,Moist,33,20
KW86,Sensitive,53,20
PV13,Dry,58,20
MU80,Oily,40,20
LJ61,Moist,61,20
NF38,Sensitive,39,21
QH28,Dry,26,21
DB65,Oily,59,21
ZZ67,Moist,17,21
OT80,Sensitive,24,21
AS82,Dry,58,21
PA22,Oily,54,21
RT47,Moist,56,21
EZ87,Sensitive,17,21
YV24,Dry,27,21
PI37,Oily,31,21
SK21,Moist,69,21
NM65,Sensitive,29,21
PB42,Dry,27,21
LM69,Oily,27,21
HW22,Moist,50,21
VU37,Sensitive,45,21
KM43,Dry,26,21
YF89,Oily,47,21
LK92,Moist,28,21
NP64,Sensitive,64,21
CK93,Dry,70,21
UY86,Oily,16,21
GQ17,Moist,17,21
IT70,Sensitive,68,21
QA92,Dry,71,21
VN84,Oily,35,21
WS36,Moist,70,21
OC24,Sensitive,23,21
CQ34,Dry,28,21
LW28,Oily,47,21
QC89,Moist,67,21
AS53,Sensitive,17,22
NV61,Dry,19,22
HL88,Oily,34,22
BH14,Moist,47,22
RS82,Sensitive,64,22
AH41,Dry,49,22
OB71,Oily,54,22
WB46,Moist,55,22
WU93,Sensitive,61,22
VW12,Dry,28,22
SD46,Oily,45,22
QY14,Moist,38,22
TO39,Sensitive,24,22
BM19,Dry,72,22
EP77,Oily,72,22
ZB15,Moist,51,22
OV82,Sensitive,48,22
OW39,Dry,59,22
LP92,Oily,20,22
OT98,Moist,28,22
TD73,Sensitive,42,22
CD27,Dry,61,22
LA59,Oily,63,22
BB86,Moist,70,22
JJ22,Sensitive,29,22
GO18,Dry,71,22
BP25,Oily,49,22
KH54,Moist,58,22
YT13,Sensitive,70,22
IZ61,Dry,24,22
MD43,Oily,66,22
UL12,Moist,15,22
CK55,Sensitive,33,23
SY18,Dry,62,23
MD31,Oily,68,23
BO81,Moist,35,23
QK77,Sensitive,24,23
RD80,Dry,68,23
VU12,Oily,72,23
WE73,Moist,26,23
KJ88,Sensitive,44,23
TF33,Dry,36,23
BB85,Oily,74,23
KZ77,Moist,70,23
UF71,Sensitive,21,23
LE24,Dry,55,23
YI80,Oily,49,23
SW78,Moist,68,23
RO24,Sensitive,62,23
HD85,Dry,29,23
YK37,Oily,18,23
QM45,Moist,17,23
SU93,Sensitive,44,23
SO35,Dry,24,23
XW94,Oily,33,23
CD93,Moist,24,23
NQ63,Sensitive,20,23
XW65,Dry,25,23
PJ64,Oily,16,23
NJ55,Moist,53,23
RY59,Sensitive,32,23
IY83,Dry,70,23
YB71,Oily,18,23
UF46,Moist,37,23
UL50,Sensitive,67,24
WL43,Dry,16,24
OP87,Oily,63,24
FX60,Moist,20,24
MF91,Sensitive,52,24
TH28,Dry,17,24
PU13,Oily,64,24
MR41,Moist,69,24
VU56,Sensitive,56,24
HO87,Dry,71,24
DK21,Oily,19,24
OF43,Moist,55,24
LS31,Sensitive,58,24
JO84,Dry,51,24
SM33,Oily,74,24
MT49,Moist,48,24
UD18,Sensitive,68,24
LR10,Dry,66,24
DH72,Oily,28,24
KT83,Moist,74,24
KI66,Sensitive,31,24
BA67,Dry,49,24
UB55,Oily,66,24
HK28,Moist,44,24
QZ38,Sensitive,73,24
ZU97,Dry,56,24
ZC86,Oily,55,24
XS47,Moist,52,24
QI12,Sensitive,38,24
XX59,Dry,34,24
NS88,Oily,41,24
DX12,Moist,17,24
RX48,Sensitive,21,25
IF79,Dry,26,25
NW43,Oily,26,25
DR64,Moist,56,25
AF32,Sensitive,74,25
XG86,Dry,57,25
FG81,Oily,45,25
TS10,Moist,29,25
GV61,Sensitive,43,25
IW67,Dry,26,25
GR33,Oily,33,25
IU37,Moist,64,25
CJ70,Sensitive,51,25
SA21,Dry,19,25
GL59,Oily,35,25
RL47,Moist,32,25
YP26,Sensitive,59,25
LP39,Dry,39,25
JQ51,Oily,56,25
VS56,Moist,75,25
OW25,Sensitive,50,25
NY70,Dry,25,25
AN41,Oily,23,25
GE16,Moist,36,25
JA53,Sensitive,19,25
AK96,Dry,56,25
UY58,Oily,37,25
KD46,Moist,15,25
WD87,Sensitive,73,25
OJ87,Dry,44,25
ZD68,Oily,75,25
LG84,Moist,68,25
WP41,Sensitive,37,26
UA94,Dry,66,26
BK40,Oily,54,26
LF47,Moist,26,26
UG19,Sensitive,51,26
HO75,Dry,59,26
EN98,Oily,68,26
RF39,Moist,69,26
LB11,Sensitive,48,26
OB14,Dry,20,26
AF72,Oily,55,26
IL20,Moist,46,26
YL16,Sensitive,38,26
WC31,Dry,66,26
AN83,Oily,24,26
MK22,Moist,34,26
TS42,Sensitive,74,26
XI60,Dry,37,26
WQ13,Oily,75,26
MH12,Moist,75,26
ZK54,Sensitive,24,26
FJ82,Dry,50,26
HZ78,Oily,19,26
DA79,Moist,44,26
KF33,Sensitive,46,26
CZ21,Dry,70,26
NA68,Oily,49,26
BE28,Moist,28,26
SU66,Sensitive,47,26
NN72,Dry,71,26
PR83,Oily,36,26
FR91,Moist,58,26
NS87,Sensitive,38,27
UT61,Dry,41,27
ND75,Oily,43,27
PO98,Moist,18,27
VW23,Sensitive,62,27
NI86,Dry,70,27
FP44,Oily,62,27
HD86,Moist,60,27
HE39,Sensitive,32,27
SL88,Dry,47,27
RW16,Oily,68,27
OK20,Moist,71,27
TP62,Sensitive,72,27
HD64,Dry,30,27
EW33,Oily,63,27
MP20,Moist,20,27
QZ89,Sensitive,43,27
CL96,Dry,46,27
IC14,Oily,68,27
IS28,Moist,22,27
QF21,Sensitive,46,27
RR54,Dry,36,27
FX76,Oily,54,27
BN44,Moist,68,27
AU41,Sensitive,54,27
YJ14,Dry,18,27
OM84,Oily,57,27
EK52,Moist,33,27
CU52,Sensitive,33,27
VD56,Dry,44,27
GF68,Oily,70,27
ZR18,Moist,17,27
FO63,Sensitive,52,28
HG61,Dry,66,28
FW23,Oily,35,28
LX67,Moist,32,28
KL50,Sensitive,20,28
DS34,Dry,53,28
FT10,Oily,63,28
YB55,Moist,42,28
XW68,Sensitive,39,28
JQ91,Dry,70,28
WA54,Oily,65,28
GQ34,Moist,54,28
CU91,Sensitive,23,28
CR57,Dry,24,28
AQ92,Oily,23,28
SE23,Moist,41,28
DD46,Sensitive,26,28
FZ36,Dry,71,28
ID83,Oily,65,28
EW78,Moist,67,28
KJ16,Sensitive,48,28
XA77,Dry,74,28
BV26,Oily,44,28
WM20,Moist,25,28
QM12,Sensitive,46,28
WN85,Dry,44,28
NP54,Oily,39,28
BN71,Moist,68,28
EN72,Sensitive,30,28
NV19,Dry,53,28
CN71,Oily,55,28
GT73,Moist,59,28
AJ84,Sensitive,34,29
ND57,Dry,58,29
VR28,Oily,44,29
PZ38,Moist,72,29
NB94,Sensitive,74,29
YE43,Dry,75,29
KG78,Oily,58,29
KY40,Moist,71,29
YO61,Sensitive,23,29
XG79,Dry,72,29
XO98,Oily,24,29
UD54,Moist,61,29
MG57,Sensitive,59,29
KV88,Dry,42,29
MF80,Oily,29,29
OK88,Moist,63,29
YK33,Sensitive,47,29
NX95,Dry,23,29
EP52,Oily,40,29
RM71,Moist,59,29
RC95,Sensitive,22,29
GU55,Dry,60,29
GT71,Oily,40,29
TR91,Moist,68,29
NH81,Sensitive,68,29
VJ12,Dry,33,29
GX57,Oily,43,29
AB68,Moist,17,29
JF14,Sensitive,64,29
EU47,Dry,42,29
PY91,Oily,44,29
QT23,Moist,32,29
EV29,Sensitive,67,30
KN69,Dry,73,30
EZ81,Oily,47,30
SD10,Moist,49,30
JG19,Sensitive,52,30
RM20,Dry,72,30
CL92,Oily,30,30
CG59,Moist,25,30
SX72,Sensitive,66,30
AR13,Dry,53,30
XW51,Oily,21,30
WE74,Moist,52,30
HG89,Sensitive,38,30
IC32,Dry,60,30
GP61,Oily,61,30
VW60,Moist,60,30
JQ61,Sensitive,58,30
YC96,Dry,58,30
PD13,Oily,20,30
BC27,Moist,52,30
KO32,Sensitive,41,30
LM23,Dry,53,30
IB11,Oily,29,30
MW88,Moist,73,30
RL91,Sensitive,45,30
YL97,Dry,45,30
DJ47,Oily,67,30
XG10,Moist,49,30
NK69,Sensitive,44,30
KV55,Dry,35,30
UD15,Oily,44,30
PV31,Moist,40,30
KJ51,Sensitive,73,31
PO25,Dry,68,31
QQ33,Oily,37,31
FH35,Moist,15,31
CX64,Sensitive,24,31
EE73,Dry,42,31
LW15,Oily,44,31
FP53,Moist,68,31
VK92,Sensitive,25,31
WQ58,Dry,35,31
KE67,Oily,60,31
VU84,Moist,21,31
QR51,Sensitive,20,31
XU70,Dry,47,31
DI43,Oily,42,31
DX25,Moist,71,31
TN61,Sensitive,18,31
ZO45,Dry,73,31
CL46,Oily,52,31
CG17,Moist,75,31
RC89,Sensitive,48,31
CC52,Dry,71,31
ZI77,Oily,46,31
VG16,Moist,21,31
AO43,Sensitive,24,31
PG28,Dry,37,31
FG95,Oily,25,31
QM43,Moist,28,31
VK21,Sensitive,48,31
FE52,Dry,29,31
IY87,Oily,73,31
YV25,Moist,55,31
LG53,Sensitive,26,32
SP46,Dry,46,32
FW64,Oily,53,32
RB72,Moist,56,32
BP75,Sensitive,73,32
YE52,Dry,71,32
OY65,Oily,47,32
TO96,Moist,71,32
ED21,Sensitive,68,32
VB34,Dry,44,32
GO39,Oily,17,32
BU74,Moist,70,32
EU59,Sensitive,41,32
US30,Dry,64,32
PL23,Oily,62,32
CC58,Moist,46,32
NX66,Sensitive,48,32
XF61,Dry,51,32
SY24,Oily,68,32
OK61,Moist,73,32
HT23,Sensitive,63,32
XY59,Dry,19,32
CN79,Oily,69,32
NR73,Moist,51,32
PY67,Sensitive,68,32
OT20,Dry,64,32
GM78,Oily,22,32
MV31,Moist,41,32
ID98,Sensitive,47,32
FN74,Dry,17,32
QG28,Oily,53,32
SU35,Moist,58,32
VY84,Sensitive,53,33
ZM74,Dry,69,33
LK36,Oily,44,33
UB98,Moist,19,33
BH22,Sensitive,16,33
HZ46,Dry,74,33
KS58,Oily,21,33
GS38,Moist,17,33
YZ93,Sensitive,51,33
TL34,Dry,64,33
CX21,Oily,50,33
DM40,Moist,51,33
CF21,Sensitive,73,33
PU17,Dry,28,33
DB75,Oily,29,33
HB84,Moist,35,33
LF11,Sensitive,52,33
JR23,Dry,56,33
JJ53,Oily,31,33
XE22,Moist,56,33
EZ45,Sensitive,33,33
MU11,Dry,43,33
RF17,Oily,46,33
ZA59,Moist,26,33
WU21,Sensitive,17,33
BZ67,Dry,20,33
QE33,Oily,38,33
FM75,Moist,43,33
CB21,Sensitive,73,33
JQ12,Dry,47,33
EQ86,Oily,45,33
LQ33,Moist,52,33
JG61,Sensitive,34,34
KF49,Dry,60,34
HB65,Oily,15,34
BS58,Moist,63,34
WX15,Sensitive,51,34
PE70,Dry,47,34
LF47,Oily,68,34
VQ95,Moist,54,34
YV40,Sensitive,59,34
SA69,Dry,58,34
DO54,Oily,25,34
ZJ53,Moist,18,34
OW17,Sensitive,58,34
DU72,Dry,64,34
YR94,Oily,40,34
UG27,Moist,72,34
FO91,Sensitive,59,34
QT24,Dry,73,34
OL86,Oily,46,34
HV84,Moist,32,34
RX73,Sensitive,73,34
YZ93,Dry,65,34
NA68,Oily,51,34
SA22,Moist,26,34
HJ37,Sensitive,60,34
KR64,Dry,29,34
PB48,Oily,68,34
EM50,Moist,59,34
EO66,Sensitive,49,34
CJ53,Dry,50,34
CR47,Oily,19,34
JJ23,Moist,71,34
CH91,Sensitive,28,35
NJ27,Dry,61,35
JG95,Oily,21,35
BA39,Moist,37,35
KF33,Sensitive,31,35
WN41,Dry,61,35
UP44,Oily,62,35
PG78,Moist,41,35
HM61,Sensitive,15,35
WW81,Dry,34,35
MA18,Oily,40,35
KW79,Moist,16,35
FK18,Sensitive,67,35
SA24,Dry,32,35
LB39,Oily,34,35
LI89,Moist,47,35
AL72,Sensitive,48,35
OR19,Dry,21,35
SY10,Oily,22,35
KF58,Moist,47,35
ML20,Sensitive,22,35
BV86,Dry,51,35
GX30,Oily,73,35
RW71,Moist,44,35
BF74,Sensitive,49,35
TZ25,Dry,33,35
WM58,Oily,34,35
HY35,Moist,38,35
UT20,Sensitive,56,35
EI96,Dry,42,35
MF13,Oily,42,35
BA88,Moist,47,35
ZG16,Sensitive,61,36
PD11,Dry,55,36
UI80,Oily,58,36
XN34,Moist,62,36
XE84,Sensitive,34,36
CJ22,Dry,51,36
RK77,Oily,16,36
PR39,Moist,50,36
PB89,Sensitive,41,36
XJ21,Dry,75,36
AO43,Oily,63,36
GM85,Moist,45,36
FO52,Sensitive,51,36
GK95,Dry,55,36
GR77,Oily,19,36
LQ82,Moist,67,36
XU47,Sensitive,69,36
WG92,Dry,46,36
DJ20,Oily,23,36
JT72,Moist,32,36
NX46,Sensitive,67,36
ZR87,Dry,55,36
RM30,Oily,75,36
TT33,Moist,31,36
XX78,Sensitive,39,36
QS40,Dry,29,36
RJ11,Oily,38,36
WO21,Moist,22,36
VX75,Sensitive,59,36
SG12,Dry,69,36
TG67,Oily,63,36
BG54,Moist,55,36
UH91,Sensitive,74,37
AG35,Dry,45,37
XA29,Oily,70,37
LL34,Moist,15,37
QO94,Sensitive,55,37
HM55,Dry,51,37
SM24,Oily,56,37
VJ87,Moist,44,37
GF34,Sensitive,43,37
JK37,Dry,57,37
DT19,Oily,29,37
TK82,Moist,26,37
WX64,Sensitive,58,37
VX31,Dry,50,37
HA42,Oily,62,37
FC18,Moist,54,37
EW69,Sensitive,54,37
DE89,Dry,42,37
EB99,Oily,70,37
AC64,Moist,64,37
GU38,Sensitive,71,37
LM51,Dry,35,37
VK37,Oily,16,37
XS41,Moist,63,37
DT45,Sensitive,70,37
NS51,Dry,48,37
EM55,Oily,74,37
XX25,Moist,50,37
KV57,Sensitive,39,37
IB16,Dry,74,37
DG17,Oily,50,37
XW28,Moist,75,37
HL16,Sensitive,41,38
MS41,Dry,50,38
FX27,Oily,51,38
NR30,Moist,41,38
GW71,Sensitive,35,38
ST47,Dry,73,38
FD71,Oily,23,38
RF95,Moist,64,38
KG16,Sensitive,48,38
OQ90,Dry,48,38
YU36,Oily,41,38
PU10,Moist,47,38
JJ44,Sensitive,54,38
RV86,Dry,24,38
PO33,Oily,72,38
BK44,Moist,47,38
WM95,Sensitive,52,38
RC22,Dry,60,38
VT72,Oily,56,38
CS36,Moist,44,38
RU84,Sensitive,16,38
SV78,Dry,29,38
ET13,Oily,25,38
CN65,Moist,62,38
OD86,Sensitive,34,38
GT89,Dry,42,38
BJ63,Oily,64,38
BF39,Moist,70,38
VK71,Sensitive,26,38
EG36,Dry,55,38
MV44,Oily,33,38
UB51,Moist,53,38
UB77,Sensitive,28,39
YC82,Dry,60,39
DN12,Oily,64,39
GP47,Moist,58,39
XR42,Sensitive,16,39
OD73,Dry,17,39
CD16,Oily,26,39
GN34,Moist,44,39
LH73,Sensitive,72,39
AM20,Dry,55,39
LK59,Oily,58,39
HF70,Moist,58,39
LJ36,Sensitive,33,39
GI29,Dry,32,39
MH36,Oily,46,39
JN15,Moist,72,39
ZB32,Sensitive,36,39
MV13,Dry,37,39
VX63,Oily,35,39
ZS78,Moist,28,39
WM57,Sensitive,33,39
XW24,Dry,66,39
KN43,Oily,54,39
ZG17,Moist,65,39
LI95,Sensitive,16,39
KQ71,Dry,73,39
NU16,Oily,29,39
NT62,Moist,38,39
GQ84,Sensitive,69,39
GA27,Dry,62,39
EZ14,Oily,23,39
FO75,Moist,65,39
RN48,Sensitive,46,40
LU65,Dry,44,40
YC68,Oily,52,40
MZ46,Moist,28,40
ET44,Sensitive,51,40
XV32,Dry,56,40
HN77,Oily,28,40
MI83,Moist,49,40
RE86,Sensitive,30,40
LK19,Dry,51,40
VW12,Oily,39,40
GH73,Moist,72,40
TL46,Sensitive,63,40
IJ60,Dry,70,40
GQ52,Oily,62,40
DF30,Moist,45,40
SL94,Sensitive,66,40
KL17,Dry,34,40
ND11,Oily,31,40
VC72,Moist,38,40
XC36,Sensitive,29,40
YI75,Dry,64,40
YE84,Oily,44,40
IM51,Moist,18,40
SJ59,Sensitive,21,40
HY61,Dry,62,40
WY22,Oily,20,40
PH36,Moist,55,40
PE22,Sensitive,30,40
HR62,Dry,46,40
US91,Oily,71,40
OC77,Moist,75,40
IR96,Sensitive,68,41
FQ25,Dry,57,41
IY77,Oily,64,41
OR97,Moist,23,41
TG38,Sensitive,48,41
TA68,Dry,66,41
EJ37,Oily,53,41
GW88,Moist,66,41
AC56,Sensitive,21,41
BO54,Dry,60,41
EN61,Oily,31,41
CY94,Moist,55,41
HF19,Sensitive,60,41
KS31,Dry,18,41
MU84,Oily,40,41
VM16,Moist,29,41
BV15,Sensitive,48,41
GA80,Dry,75,41
DK67,Oily,42,41
PJ47,Moist,43,41
AH97,Sensitive,31,41
QE95,Dry,65,41
LZ84,Oily,65,41
MM51,Moist,39,41
IE96,Sensitive,47,41
FY43,Dry,48,41
ZC31,Oily,72,41
JY12,Moist,64,41
FP72,Sensitive,39,41
MX55,Dry,51,41
TT84,Oily,45,41
OO33,Moist,66,41
GU20,Sensitive,22,42
QW62,Dry,48,42
GV50,Oily,44,42
VC64,Moist,73,42
HN74,Sensitive,36,42
BD86,Dry,29,42
TQ42,Oily,48,42
QC28,Moist,35,42
JF73,Sensitive,48,42
QW16,Dry,62,42
NF82,Oily,60,42
SN43,Moist,16,42
IE36,Sensitive,36,42
HH67,Dry,18,42
JC92,Oily,60,42
DU73,Moist,37,42
XH14,Sensitive,63,42
SB23,Dry,53,42
SX87,Oily,52,42
YI71,Moist,71,42
NW24,Sensitive,57,42
XC26,Dry,17,42
HR45,Oily,39,42
OT90,Moist,49,42
EJ56,Sensitive,57,42
RY44,Dry,57,42
NU88,Oily,40,42
YS24,Moist,48,42
YT65,Sensitive,42,42
CU33,Dry,35,42
XN46,Oily,54,42
QD24,Moist,36,42
VP20,Sensitive,45,43
FW77,Dry,46,43
WP77,Oily,69,43
NT57,Moist,42,43
XM28,Sensitive,28,43
DB79,Dry,60,43
YM78,Oily,22,43
QD17,Moist,64,43
WO11,Sensitive,38,43
KC37,Dry,46,43
QT53,Oily,24,43
LM82,Moist,32,43
BC41,Sensitive,27,43
GJ25,Dry,72,43
VF70,Oily,54,43
LP35,Moist,19,43
KH72,Sensitive,21,43
SL32,Dry,42,43
OR78,Oily,44,43
JR76,Moist,73,43
CV63,Sensitive,70,43
GK73,Dry,66,43
GE44,Oily,48,43
EG85,Moist,59,43
JG86,Sensitive,48,43
PS46,Dry,32,43
IA84,Oily,75,43
XA33,Moist,47,43
CZ11,Sensitive,39,43
NM69,Dry,75,43
LQ42,Oily,53,43
RT22,Moist,50,43
YK48,Sensitive,54,44
NO68,Dry,23,44
WJ26,Oily,59,44
WN56,Moist,61,44
ZY59,Sensitive,39,44
HQ94,Dry,22,44
KL81,Oily,22,44
JV41,Moist,72,44
ZD28,Sensitive,40,44
SB47,Dry,55,44
DR44,Oily,29,44
RY77,Moist,67,44
SM89,Sensitive,55,44
LP64,Dry,20,44
EV44,Oily,61,44
PX51,Moist,73,44
VW33,Sensitive,20,44
HY51,Dry,39,44
CW20,Oily,24,44
DB86,Moist,67,44
HF49,Sensitive,74,44
OJ12,Dry,43,44
CP21,Oily,54,44
LQ75,Moist,26,44
HK12,Sensitive,74,44
UA97,Dry,49,44
EV83,Oily,50,44
XW47,Moist,29,44
SZ97,Sensitive,45,44
XY90,Dry,40,44
VD61,Oily,51,44
JV18,Moist,49,44
AX61,Sensitive,69,45
OT23,Dry,45,45
WR46,Oily,48,45
BR66,Moist,50,45
TH98,Sensitive,47,45
AK72,Dry,70,45
WP89,Oily,24,45
JI60,Moist,33,45
CK31,Sensitive,72,45
NI37,Dry,75,45
GL58,Oily,41,45
ZZ35,Moist,24,45
ES46,Sensitive,55,45
BB52,Dry,73,45
MA54,Oily,19,45
JI88,Moist,58,45
PU77,Sensitive,33,45
FW73,Dry,46,45
IL55,Oily,37,45
EZ55,Moist,58,45
OX88,Sensitive,67,45
SJ65,Dry,70,45
FL67,Oily,50,45
KY70,Moist,57,45
LT31,Sensitive,56,45
TO85,Dry,26,45
EY98,Oily,19,45
ZJ71,Moist,46,45
TX28,Sensitive,35,45
OI58,Dry,56,45
QQ71,Oily,31,45
WX34,Moist,57,45
HZ70,Sensitive,20,46
EQ95,Dry,37,46
SC50,Oily,16,46
MQ16,Moist,50,46
OR95,Sensitive,64,46
GZ77,Dry,49,46
MB78,Oily,34,46
KR57,Moist,51,46
XL72,Sensitive,37,46
NM87,Dry,40,46
VH85,Oily,30,46
YO75,Moist,31,46
QF34,Sensitive,55,46
KE54,Dry,46,46
BA99,Oily,68,46
NE95,Moist,40,46
MZ12,Sensitive,26,46
RN28,Dry,48,46
PV43,Oily,35,46
LC66,Moist,33,46
NC68,Sensitive,42,46
ZL78,Dry,15,46
ME35,Oily,66,46
TY43,Moist,70,46
TZ96,Sensitive,26,46
DW24,Dry,62,46
YF71,Oily,42,46
GK72,Moist,47,46
LW13,Sensitive,28,46
PG52,Dry,22,46
UQ29,Oily,30,46
JP86,Moist,49,46
BG59,Sensitive,29,47
FQ38,Dry,70,47
VQ35,Oily,45,47
AR28,Moist,50,47
LO41,Sensitive,52,47
TX40,Dry,34,47
YG57,Oily,65,47
ZV15,Moist,33,47
XX33,Sensitive,15,47
KR27,Dry,46,47
VG93,Oily,19,47
NO13,Moist,54,47
ZP31,Sensitive,18,47
UM86,Dry,51,47
MC34,Oily,51,47
LM33,Moist,55,47
YJ77,Sensitive,42,47
VC47,Dry,24,47
LU48,Oily,72,47
ZQ44,Moist,62,47
OB57,Sensitive,73,47
NS38,Dry,43,47
WI82,Oily,68,47
KK43,Moist,61,47
PD57,Sensitive,30,47
EH72,Dry,39,47
GS46,Oily,19,47
CA81,Moist,37,47
TQ20,Sensitive,53,47
TO83,Dry,61,47
IE57,Oily,32,47
PP67,Moist,62,47
DS76,Sensitive,75,48
YP30,Dry,53,48
KA65,Oily,30,48
EH55,Moist,38,48
HS14,Sensitive,16,48
NZ37,Dry,73,48
RI82,Oily,33,48
DX58,Moist,58,48
GL99,Sensitive,28,48
YU64,Dry,23,48
MW19,Oily,47,48
JX45,Moist,70,48
HN41,Sensitive,44,48
HS11,Dry,44,48
RT67,Oily,20,48
YN25,Moist,15,48
IO38,Sensitive,21,48
LN46,Dry,21,48
KO57,Oily,49,48
YT19,Moist,44,48
RG13,Sensitive,60,48
UE26,Dry,74,48
MI66,Oily,25,48
HZ38,Moist,62,48
DM39,Sensitive,71,48
LE71,Dry,44,48
XV53,Oily,63,48
DX33,Moist,21,48
SP57,Sensitive,70,48
ZP74,Dry,18,48
ID84,Oily,30,48
ZZ83,Moist,20,48
SX40,Sensitive,26,49
TF75,Dry,49,49
LW30,Oily,19,49
RW43,Moist,48,49
UP65,Sensitive,74,49
JS74,Dry,63,49
WW14,Oily,61,49
WX10,Moist,39,49
EA91,Sensitive,54,49
RM36,Dry,54,49
VD63,Oily,15,49
WC11,Moist,47,49
MJ92,Sensitive,28,49
JA76,Dry,24,49
DP97,Oily,73,49
HT69,Moist,36,49
PQ23,Sensitive,44,49
LR36,Dry,62,49
XS70,Oily,70,49
HR72,Moist,35,49
VL74,Sensitive,70,49
VE92,Dry,51,49
PK99,Oily,60,49
MA66,Moist,71,49
LP47,Sensitive,39,49
KA77,Dry,49,49
RP72,Oily,31,49
WN18,Moist,52,49
IM17,Sensitive,28,49
VW22,Dry,22,49
YC78,Oily,74,49
KZ54,Moist,42,49
NN62,Sensitive,70,50
VQ26,Dry,49,50
GW72,Oily,43,50
TV37,Moist,39,50
KQ28,Sensitive,17,50
LQ83,Dry,57,50
UT58,Oily,28,50
HQ79,Moist,74,50
VR58,Sensitive,18,50
AV41,Dry,23,50
MO59,Oily,38,50
KA81,Moist,23,50
QG59,Sensitive,73,50
