userName,userAge,userLocation,userColorRGB
Raj,34,USA,194
Maria,25,Canada,89
Anny,34,India,17
Bunny,43,Europe,64
Liam,18,China,253
Noah,20,Japan,183
Oliver,37,Korea,178
Elijah,26,MiddleEast,89
James,45,Africa,238
William,33,USA,182
Benjamin,39,Canada,210
Lucas,29,India,109
Henry,18,Europe,229
Theodore,39,China,218
Olivia,21,Japan,112
Emma,54,Korea,20
Charlotte,48,MiddleEast,121
Amelia,23,Africa,18
Ava,51,USA,208
Sophia,52,Canada,58
Isabella,33,India,88
Mia,51,Europe,118
Evelyn,23,China,240
Harper,47,Japan,94
James,34,Korea,43
Robert,20,MiddleEast,64
John,16,Africa,188
Michael,32,USA,85
David,40,Canada,224
William,51,India,21
Richard,25,Europe,175
Joseph,54,China,88
Thomas,34,Japan,173
Charles,42,Korea,176
Christopher,45,MiddleEast,65
Daniel,28,Africa,183
Matthew,33,USA,118
Anthony,26,Canada,180
Mark,41,India,152
Donald,30,Europe,205
Steven,19,China,150
Paul,21,Japan,126
Andrew,54,Korea,125
Joshua,46,MiddleEast,171
Kenneth,18,Africa,97
Kevin,54,USA,126
Brian,54,Canada,71
George,21,India,217
Timothy,40,Europe,125
Ronald,37,China,249
Edward,21,Japan,222
Jason,40,Korea,64
Jeffrey,55,MiddleEast,168
Ryan,19,Africa,56
Jacob,24,USA,82
Gary,52,Canada,239
Nicholas,25,India,212
Eric,38,Europe,57
Jonathan,29,China,112
Stephen,43,Japan,127
Larry,47,Korea,160
Justin,20,MiddleEast,179
Scott,44,Africa,90
Brandon,19,USA,40
Benjamin,42,Canada,130
Samuel,31,India,59
Gregory,25,Europe,191
Alexander,43,China,231
Frank,44,Japan,241
Patrick,34,Korea,178
Raymond,31,MiddleEast,107
Jack,26,Africa,54
Dennis,45,USA,216
Jerry,22,Canada,188
Tyler,37,India,213
Aaron,24,Europe,189
Jose,52,China,122
Adam,49,Japan,147
Nathan,39,Korea,90
Henry,55,MiddleEast,208
Douglas,37,Africa,113
Zachary,18,USA,109
Peter,33,Canada,130
Kyle,42,India,124
Ethan,54,Europe,144
Walter,50,China,38
Noah,39,Japan,29
Jeremy,46,Korea,23
Christian,49,MiddleEast,131
Keith,25,Africa,199
Roger,44,USA,177
Terry,32,Canada,12
Gerald,47,India,106
Harold,39,Europe,139
Sean,35,China,94
Austin,40,Japan,197
Carl,31,Korea,104
Arthur,36,MiddleEast,179
Lawrence,42,Africa,207
Dylan,50,USA,145
Jesse,22,Canada,194
Jordan,26,India,42
Bryan,41,Europe,185
Billy,55,China,72
Joe,35,Japan,32
Bruce,27,Korea,86
Gabriel,41,MiddleEast,164
Logan,20,Africa,242
Albert,43,USA,245
Willie,40,Canada,196
Alan,23,India,156
Juan,19,Europe,197
Wayne,42,China,118
Elijah,23,Japan,24
Randy,51,Korea,181
Roy,53,MiddleEast,143
Vincent,52,Africa,162
Ralph,47,USA,172
Eugene,51,Canada,147
Russell,33,India,152
Bobby,47,Europe,143
Mason,41,China,196
Philip,20,Japan,100
Louis,27,Korea,63
Mary,32,MiddleEast,36
Patricia,27,Africa,201
Jennifer,50,USA,16
Linda,55,Canada,17
Elizabeth,43,India,122
Barbara,27,Europe,50
Susan,52,China,108
Jessica,23,Japan,120
Sarah,29,Korea,158
Karen,35,MiddleEast,150
Lisa,51,Africa,151
Nancy,47,USA,135
Betty,52,Canada,249
Margaret,26,India,110
Sandra,52,Europe,75
Ashley,47,China,146
Kimberly,22,Japan,207
Emily,54,Korea,30
Donna,45,MiddleEast,17
Michelle,38,Africa,62
Carol,25,USA,47
Amanda,45,Canada,119
Dorothy,36,India,195
Melissa,27,Europe,225
Deborah,41,China,162
Stephanie,29,Japan,236
Rebecca,18,Korea,164
Sharon,42,MiddleEast,82
Laura,27,Africa,74
Cynthia,18,USA,231
Kathleen,19,Canada,126
Amy,31,India,66
Angela,43,Europe,81
Shirley,22,China,215
Anna,52,Japan,63
Brenda,55,Korea,45
Pamela,48,MiddleEast,211
Emma,29,Africa,170
Nicole,16,USA,21
Helen,54,Canada,27
Samantha,53,India,255
Katherine,23,Europe,91
Christine,37,China,128
Debra,34,Japan,86
Rachel,41,Korea,77
Carolyn,51,MiddleEast,181
Janet,40,Africa,206
Catherine,49,USA,103
Maria,30,Canada,12
Heather,26,India,33
Diane,35,Europe,78
Ruth,52,China,139
Julie,20,Japan,27
Olivia,44,Korea,129
Joyce,21,MiddleEast,58
Virginia,19,Africa,47
Victoria,19,USA,130
Kelly,47,Canada,182
Lauren,39,India,81
Christina,46,Europe,139
Joan,21,China,142
Evelyn,23,Japan,96
Judith,32,Korea,41
Megan,31,MiddleEast,58
Andrea,45,Africa,164
Cheryl,17,USA,38
Hannah,33,Canada,10
Jacqueline,32,India,60
Martha,55,Europe,98
Gloria,49,China,150
Teresa,31,Japan,168
Ann,19,Korea,29
Sara,25,MiddleEast,72
Madison,33,Africa,181
Frances,34,USA,246
Kathryn,45,Canada,177
Janice,22,India,48
Jean,18,Europe,207
Abigail,39,China,128
Alice,47,Japan,149
Julia,31,Korea,255
Judy,28,MiddleEast,141
Sophia,22,Africa,245
Grace,35,USA,188
Denise,23,Canada,171
Amber,45,India,121
Doris,26,Europe,219
Marilyn,27,China,87
Danielle,20,Japan,251
Beverly,29,Korea,222
Isabella,25,MiddleEast,154
Theresa,47,Africa,252
Diana,53,USA,129
Natalie,38,Canada,203
Brittany,24,India,184
Charlotte,51,Europe,238
Marie,46,China,134
Kayla,50,Japan,103
Alexis,54,Korea,231
Lori,35,MiddleEast,13
